-- MySQL dump 10.13  Distrib 8.0.30, for macos12 (x86_64)
--
-- Host: localhost    Database: cinema
-- ------------------------------------------------------
-- Server version	8.0.30

/*!40101 SET @OLD_CHARACTER_SET_CLIENT=@@CHARACTER_SET_CLIENT */;
/*!40101 SET @OLD_CHARACTER_SET_RESULTS=@@CHARACTER_SET_RESULTS */;
/*!40101 SET @OLD_COLLATION_CONNECTION=@@COLLATION_CONNECTION */;
/*!50503 SET NAMES utf8 */;
/*!40103 SET @OLD_TIME_ZONE=@@TIME_ZONE */;
/*!40103 SET TIME_ZONE='+00:00' */;
/*!40014 SET @OLD_UNIQUE_CHECKS=@@UNIQUE_CHECKS, UNIQUE_CHECKS=0 */;
/*!40014 SET @OLD_FOREIGN_KEY_CHECKS=@@FOREIGN_KEY_CHECKS, FOREIGN_KEY_CHECKS=0 */;
/*!40101 SET @OLD_SQL_MODE=@@SQL_MODE, SQL_MODE='NO_AUTO_VALUE_ON_ZERO' */;
/*!40111 SET @OLD_SQL_NOTES=@@SQL_NOTES, SQL_NOTES=0 */;

--
-- Table structure for table `cinema`
--

DROP TABLE IF EXISTS `cinema`;
/*!40101 SET @saved_cs_client     = @@character_set_client */;
/*!50503 SET character_set_client = utf8mb4 */;
CREATE TABLE `cinema` (
  `id_cinema` int unsigned NOT NULL AUTO_INCREMENT,
  `id_location` int unsigned NOT NULL,
  PRIMARY KEY (`id_cinema`),
  KEY `id_location_idx` (`id_location`),
  CONSTRAINT `cinema_ibfk_1` FOREIGN KEY (`id_location`) REFERENCES `location` (`id_location`)
) ENGINE=InnoDB AUTO_INCREMENT=15 DEFAULT CHARSET=utf8mb4 COLLATE=utf8mb4_0900_ai_ci;
/*!40101 SET character_set_client = @saved_cs_client */;

--
-- Dumping data for table `cinema`
--

LOCK TABLES `cinema` WRITE;
/*!40000 ALTER TABLE `cinema` DISABLE KEYS */;
INSERT INTO `cinema` VALUES (14,8),(12,9),(8,10),(7,11),(10,12),(9,13),(11,14),(13,15);
/*!40000 ALTER TABLE `cinema` ENABLE KEYS */;
UNLOCK TABLES;

--
-- Table structure for table `client`
--

DROP TABLE IF EXISTS `client`;
/*!40101 SET @saved_cs_client     = @@character_set_client */;
/*!50503 SET character_set_client = utf8mb4 */;
CREATE TABLE `client` (
  `id_client` int unsigned NOT NULL AUTO_INCREMENT,
  `email` varchar(45) NOT NULL,
  PRIMARY KEY (`id_client`),
  KEY `client_ibfk_1_idx` (`email`),
  CONSTRAINT `client_ibkf_1` FOREIGN KEY (`email`) REFERENCES `personal_data` (`email`)
) ENGINE=InnoDB AUTO_INCREMENT=32 DEFAULT CHARSET=utf8mb4 COLLATE=utf8mb4_0900_ai_ci;
/*!40101 SET character_set_client = @saved_cs_client */;

--
-- Dumping data for table `client`
--

LOCK TABLES `client` WRITE;
/*!40000 ALTER TABLE `client` DISABLE KEYS */;
INSERT INTO `client` VALUES (27,'admin@admin'),(30,'kasia@wp.pl'),(29,'konrad@gmail.com'),(28,'lukasz@gmail.com'),(31,'patrykcyranek@onet.pl');
/*!40000 ALTER TABLE `client` ENABLE KEYS */;
UNLOCK TABLES;

--
-- Table structure for table `employee`
--

DROP TABLE IF EXISTS `employee`;
/*!40101 SET @saved_cs_client     = @@character_set_client */;
/*!50503 SET character_set_client = utf8mb4 */;
CREATE TABLE `employee` (
  `id_employee` int unsigned NOT NULL AUTO_INCREMENT,
  `id_manager` int unsigned DEFAULT NULL,
  `id_cinema` int unsigned NOT NULL,
  `email` varchar(45) NOT NULL,
  `position` varchar(15) NOT NULL,
  PRIMARY KEY (`id_employee`),
  KEY `id_manager_idx` (`id_manager`),
  KEY `id_cinema_idx` (`id_cinema`),
  KEY `employee_ibfk_3_idx` (`email`),
  CONSTRAINT `employee_ibfk_1` FOREIGN KEY (`id_manager`) REFERENCES `employee` (`id_employee`),
  CONSTRAINT `employee_ibfk_2` FOREIGN KEY (`id_cinema`) REFERENCES `cinema` (`id_cinema`),
  CONSTRAINT `employee_ibkfk_3` FOREIGN KEY (`email`) REFERENCES `personal_data` (`email`)
) ENGINE=InnoDB AUTO_INCREMENT=3 DEFAULT CHARSET=utf8mb4 COLLATE=utf8mb4_0900_ai_ci;
/*!40101 SET character_set_client = @saved_cs_client */;

--
-- Dumping data for table `employee`
--

LOCK TABLES `employee` WRITE;
/*!40000 ALTER TABLE `employee` DISABLE KEYS */;
/*!40000 ALTER TABLE `employee` ENABLE KEYS */;
UNLOCK TABLES;

--
-- Table structure for table `hibernate_sequence`
--

DROP TABLE IF EXISTS `hibernate_sequence`;
/*!40101 SET @saved_cs_client     = @@character_set_client */;
/*!50503 SET character_set_client = utf8mb4 */;
CREATE TABLE `hibernate_sequence` (
  `next_val` bigint DEFAULT NULL
) ENGINE=InnoDB DEFAULT CHARSET=utf8mb4 COLLATE=utf8mb4_0900_ai_ci;
/*!40101 SET character_set_client = @saved_cs_client */;

--
-- Dumping data for table `hibernate_sequence`
--

LOCK TABLES `hibernate_sequence` WRITE;
/*!40000 ALTER TABLE `hibernate_sequence` DISABLE KEYS */;
INSERT INTO `hibernate_sequence` VALUES (1);
/*!40000 ALTER TABLE `hibernate_sequence` ENABLE KEYS */;
UNLOCK TABLES;

--
-- Table structure for table `i_show`
--

DROP TABLE IF EXISTS `i_show`;
/*!40101 SET @saved_cs_client     = @@character_set_client */;
/*!50503 SET character_set_client = utf8mb4 */;
CREATE TABLE `i_show` (
  `id_ishow` int unsigned NOT NULL AUTO_INCREMENT,
  `id_show` int unsigned NOT NULL,
  `room_number` int NOT NULL,
  `id_cinema` int unsigned NOT NULL,
  `show_date` date NOT NULL,
  `show_time` time NOT NULL,
  `price` decimal(4,2) NOT NULL,
  PRIMARY KEY (`id_ishow`),
  KEY `room_number_cinema_idx` (`room_number`,`id_cinema`),
  KEY `id_show_idx` (`id_show`),
  CONSTRAINT `ishow_ibfk_1` FOREIGN KEY (`id_show`) REFERENCES `movie_show` (`id_show`),
  CONSTRAINT `ishow_ibfk_2` FOREIGN KEY (`room_number`, `id_cinema`) REFERENCES `room` (`room_number`, `id_cinema`)
) ENGINE=InnoDB AUTO_INCREMENT=25 DEFAULT CHARSET=utf8mb4 COLLATE=utf8mb4_0900_ai_ci;
/*!40101 SET character_set_client = @saved_cs_client */;

--
-- Dumping data for table `i_show`
--

LOCK TABLES `i_show` WRITE;
/*!40000 ALTER TABLE `i_show` DISABLE KEYS */;
INSERT INTO `i_show` VALUES (5,8,2,12,'2023-01-19','15:20:00',12.30),(6,11,1,12,'2023-01-24','20:00:00',11.00),(7,13,1,8,'2023-01-15','12:40:00',16.00),(8,18,3,8,'2023-01-16','10:50:00',17.50),(9,14,2,8,'2023-01-17','17:15:00',16.70),(10,17,1,7,'2023-02-10','19:15:00',10.20),(11,21,1,7,'2023-02-10','12:00:00',25.00),(12,19,4,10,'2023-01-25','21:20:00',18.00),(13,8,1,10,'2023-01-27','15:50:00',15.50),(14,16,2,10,'2023-02-02','12:15:00',12.90),(15,18,3,10,'2023-01-18','11:50:00',26.90),(16,13,2,9,'2023-02-07','16:20:00',17.60),(17,21,4,9,'2023-02-01','19:30:00',9.90),(18,10,1,9,'2023-01-21','17:45:00',15.00),(19,4,3,9,'2023-02-01','10:15:00',11.20),(20,17,1,11,'2023-01-27','17:30:00',21.50),(21,16,2,11,'2023-01-19','14:45:00',13.80),(22,11,1,13,'2023-01-31','21:00:00',19.90),(23,4,2,14,'2023-01-30','14:30:00',12.50),(24,5,1,14,'2023-02-05','17:00:00',18.90);
/*!40000 ALTER TABLE `i_show` ENABLE KEYS */;
UNLOCK TABLES;

--
-- Table structure for table `location`
--

DROP TABLE IF EXISTS `location`;
/*!40101 SET @saved_cs_client     = @@character_set_client */;
/*!50503 SET character_set_client = utf8mb4 */;
CREATE TABLE `location` (
  `id_location` int unsigned NOT NULL AUTO_INCREMENT,
  `city` varchar(15) NOT NULL,
  `street` varchar(15) NOT NULL,
  `number` varchar(5) NOT NULL,
  `zip_code` varchar(7) NOT NULL,
  PRIMARY KEY (`id_location`)
) ENGINE=InnoDB AUTO_INCREMENT=16 DEFAULT CHARSET=utf8mb4 COLLATE=utf8mb4_0900_ai_ci;
/*!40101 SET character_set_client = @saved_cs_client */;

--
-- Dumping data for table `location`
--

LOCK TABLES `location` WRITE;
/*!40000 ALTER TABLE `location` DISABLE KEYS */;
INSERT INTO `location` VALUES (8,'Sosnowiec','Modrzejowska','32','41-200'),(9,'Dąbrowa','Sobieskiego','6','41-300'),(10,'Bielsko-Biała','Mostowa','5','43-300'),(11,'Starachowice','Wyszyńskiego','14','27-200'),(12,'Rzeszów','Galeria Rzeszów','44','35-001'),(13,'Radom','Poniatowskiego','5','26-639'),(14,'Łódź','Politechniki','1','93-590'),(15,'Opole','plac Kopernika','16','45-040');
/*!40000 ALTER TABLE `location` ENABLE KEYS */;
UNLOCK TABLES;

--
-- Table structure for table `movie`
--

DROP TABLE IF EXISTS `movie`;
/*!40101 SET @saved_cs_client     = @@character_set_client */;
/*!50503 SET character_set_client = utf8mb4 */;
CREATE TABLE `movie` (
  `id_movie` int unsigned NOT NULL AUTO_INCREMENT,
  `title` varchar(30) NOT NULL,
  `movie_description` text,
  `movie_category` enum('AKCJA','DOKUMENT','PRZYGODA','HORROR','KOMEDIA','KRYMINAŁ','DRAMAT','SCIENCE-FICTION','NO-CATEGORY') NOT NULL,
  `age_category` int NOT NULL,
  `length` int NOT NULL,
  PRIMARY KEY (`id_movie`)
) ENGINE=InnoDB AUTO_INCREMENT=20 DEFAULT CHARSET=utf8mb4 COLLATE=utf8mb4_0900_ai_ci;
/*!40101 SET character_set_client = @saved_cs_client */;

--
-- Dumping data for table `movie`
--

LOCK TABLES `movie` WRITE;
/*!40000 ALTER TABLE `movie` DISABLE KEYS */;
INSERT INTO `movie` VALUES (1,'DZIKA NOC','Kiedy pewna, bogata rodzina zostaje zakładnikami w Wigilię, przestępcy nie są przygotowani na niespodziewanego bojownika. Święty Mikołaj (w tej roli David Harbour, serial Stranger Things) jest na miejscu i ma zamiar pokazać, dlaczego Mikołaj nie będzie taki święty.','DRAMAT',15,112),(2,'DEMON SLAYER: MUGEN TRAIN','Po ukończeniu treningu rehabilitacyjnego, Tanjiro i jego towarzysze udają się na kolejną misję. W Nieskończonym Pociągu doszło do serii tajemniczych zniknięć ponad czterdziestu pasażerów. Tanjiro i Nezuko, wraz z Zenitsu i Inosuke, dołączą do jednego z najpotężniejszych szermierzy wśród Korpusu Zabójców Demonów - Filara Płomienia, Kyojuro Rengoku. Razem stawią czoła nieznanemu zagrożeniu.','SCIENCE-FICTION',12,120),(3,'KOBIETA NA DACHU','Mirka to sześćdziesięcioletnia położna. Jest świetna w swoim fachu, a jeszcze lepsza w ukrywaniu swoich potrzeb i uczuć. W domu też skupia się na innych - mężu i dorosłym synu. Czasem wymyka się na dach swojego bloku, żeby zapalić papierosa. To jedyna rzecz, jaką robi tylko dla siebie, aż do dnia, w którym napada na bank uzbrojona w niewielki nóż kuchenny. Czy wydarzenie to pozwoli, by Mirka spojrzała na swoje życie z innej perspektywy?','DRAMAT',15,97),(4,'MENU','Młoda para wybiera się na odległą wyspę, do ekskluzywnej restauracji. Okazuje się jednak, że nie wszystko jest takie jakim się wydaje a w menu czekają zaskakujące niespodzianki.','KOMEDIA',15,107),(5,'CHŁOPCY Z FERAJNY','Kilkunastoletni Henry i Tommy DeVito trafiają pod opiekę potężnego gangstera. Obaj szybko uczą się panujących w mafii reguł.','KRYMINAŁ',16,146),(6,'NAZNACZONY','Po upadku z drabiny chłopiec traci przytomność. Będąc w śpiączce, wchodzi do świata umarłych.','HORROR',16,103),(7,'SZKLANA PUŁAPKA','Policjant rozprawia się z niebezpiecznymi terrorystami, którzy opanowali biurowiec. Stawką jest życie wielu osób.','AKCJA',18,131),(8,'JUMANJI','Dwunastoletni Alan wraz z koleżanką rozpoczyna zabawę w tajemniczą grę Jumanji, która wciąga go do dżungli. Po latach zostaje uwolniony przez dwójkę rodzeństwa, Judy i Petera.','PRZYGODA',7,104),(9,'SÓL ZIEMI','Sebastiao Salgado przez 40 lat podróżował po świecie dokumentując ludzkość w okresie dramatycznych zmian.','DOKUMENT',13,110),(10,'AVATAR','Jake, sparaliżowany były komandos, zostaje wysłany na planetę Pandora, gdzie zaprzyjaźnia się z lokalną społecznością i postanawia jej pomóc.','SCIENCE-FICTION',12,162),(11,'THE ROOM','Życie poczciwego bankiera zostaje wywrócone do góry nogami w momencie, gdy jego narzeczona zaczyna się spotykać z ich najlepszym przyjacielem.','KOMEDIA',21,99),(12,'JOHNNY','Patryk włamuje się do domku w małym mieście. Wyrok sądu nakazuje mu prace społeczne w puckim hospicjum, gdzie poznaje niezwykłego ks. Jana Kaczkowskiego. Duchowny angażuje młodych chłopaków z zawodówki, na pozór twardych buntowników, w pomoc śmiertelnie chorym. W swojej pracy skupia się na bliskości, czułości i walce o relacje z drugim człowiekiem. Uczy empatii. A czyni to z hurtową ilością humoru, czym zyskuje ogromną popularność. Niedługo później Jan sam staje się pacjentem swojego hospicjum. Patryk zostaje postawiony w sytuacji, która zmieni całe jego życie.','DOKUMENT',15,119);
/*!40000 ALTER TABLE `movie` ENABLE KEYS */;
UNLOCK TABLES;

--
-- Table structure for table `movie_show`
--

DROP TABLE IF EXISTS `movie_show`;
/*!40101 SET @saved_cs_client     = @@character_set_client */;
/*!50503 SET character_set_client = utf8mb4 */;
CREATE TABLE `movie_show` (
  `id_show` int unsigned NOT NULL AUTO_INCREMENT,
  `id_movie` int unsigned NOT NULL,
  `soundtrack` enum('NAPISY','DUBBING','LEKTOR_PL') NOT NULL,
  PRIMARY KEY (`id_show`),
  KEY `id_movie_idx` (`id_movie`),
  CONSTRAINT `movie_show_ibfk_1` FOREIGN KEY (`id_movie`) REFERENCES `movie` (`id_movie`)
) ENGINE=InnoDB AUTO_INCREMENT=22 DEFAULT CHARSET=utf8mb4 COLLATE=utf8mb4_0900_ai_ci;
/*!40101 SET character_set_client = @saved_cs_client */;

--
-- Dumping data for table `movie_show`
--

LOCK TABLES `movie_show` WRITE;
/*!40000 ALTER TABLE `movie_show` DISABLE KEYS */;
INSERT INTO `movie_show` VALUES (4,1,'NAPISY'),(5,2,'DUBBING'),(6,3,'LEKTOR_PL'),(7,4,'DUBBING'),(8,5,'NAPISY'),(9,6,'LEKTOR_PL'),(10,7,'DUBBING'),(11,8,'LEKTOR_PL'),(12,9,'NAPISY'),(13,10,'DUBBING'),(14,11,'LEKTOR_PL'),(15,12,'NAPISY'),(16,6,'DUBBING'),(17,12,'DUBBING'),(18,9,'LEKTOR_PL'),(19,2,'NAPISY'),(20,3,'NAPISY'),(21,4,'LEKTOR_PL');
/*!40000 ALTER TABLE `movie_show` ENABLE KEYS */;
UNLOCK TABLES;

--
-- Table structure for table `personal_data`
--

DROP TABLE IF EXISTS `personal_data`;
/*!40101 SET @saved_cs_client     = @@character_set_client */;
/*!50503 SET character_set_client = utf8mb4 */;
CREATE TABLE `personal_data` (
  `name` varchar(30) NOT NULL,
  `surname` varchar(30) NOT NULL,
  `phone_number` varchar(11) DEFAULT NULL,
  `email` varchar(45) NOT NULL,
  `date_of_birth` date NOT NULL,
  `password` varchar(200) NOT NULL,
  PRIMARY KEY (`email`)
) ENGINE=InnoDB DEFAULT CHARSET=utf8mb4 COLLATE=utf8mb4_0900_ai_ci;
/*!40101 SET character_set_client = @saved_cs_client */;

--
-- Dumping data for table `personal_data`
--

LOCK TABLES `personal_data` WRITE;
/*!40000 ALTER TABLE `personal_data` DISABLE KEYS */;
INSERT INTO `personal_data` VALUES ('admin','admin','000000000','admin@admin','1998-01-01','$2a$10$bqWhxgK1VupmmCrsrggh2uDtoLaoSrO3t01jTe/4DrETjInu.4HH2'),('Kasia','Cyran','691307112','kasia@wp.pl','2001-01-23','$2a$10$80TvDFUjUqjU66c7ELoUw.CjpFXPvRp4gFItARmD/WyyM0HOphOuS'),('Konrad','Kaczynski','723720007','konrad@gmail.com','2001-08-27','$2a$10$sehLduWKuCsiebDfRjuzBujMgbdV45APqv02hoFp1D09EHhFeyy2S'),('Łukasz','Blicharz','790445723','lukasz@gmail.com','2000-03-07','$2a$10$9xJitwILDPLIfw9hnXbNo.6hri1F2BtOnMJRZTcsWdAl3UuO15x6i'),('Patryk','Filiciak','657849012','patrykcyranek@onet.pl','1998-07-14','$2a$10$3xJPRvQ7cvShiW4rrWGM5.g8QXDgaEINlsUMFLx4oQl6NsT2q2cJu');
/*!40000 ALTER TABLE `personal_data` ENABLE KEYS */;
UNLOCK TABLES;

--
-- Table structure for table `reserved`
--

DROP TABLE IF EXISTS `reserved`;
/*!40101 SET @saved_cs_client     = @@character_set_client */;
/*!50503 SET character_set_client = utf8mb4 */;
CREATE TABLE `reserved` (
  `id_seat` int unsigned NOT NULL,
  `id_ishow` int unsigned NOT NULL,
  PRIMARY KEY (`id_seat`,`id_ishow`),
  KEY `id_ishow_idx` (`id_ishow`),
  CONSTRAINT `id_ishow` FOREIGN KEY (`id_ishow`) REFERENCES `i_show` (`id_ishow`),
  CONSTRAINT `id_seat` FOREIGN KEY (`id_seat`) REFERENCES `seat` (`id_seat`)
) ENGINE=InnoDB DEFAULT CHARSET=utf8mb4 COLLATE=utf8mb4_0900_ai_ci;
/*!40101 SET character_set_client = @saved_cs_client */;

--
-- Dumping data for table `reserved`
--

LOCK TABLES `reserved` WRITE;
/*!40000 ALTER TABLE `reserved` DISABLE KEYS */;
INSERT INTO `reserved` VALUES (1326,6),(2064,9),(2095,9),(2432,11),(3327,15),(3526,18),(3528,18),(4149,19),(4585,21),(4592,21),(600,24);
/*!40000 ALTER TABLE `reserved` ENABLE KEYS */;
UNLOCK TABLES;

--
-- Table structure for table `room`
--

DROP TABLE IF EXISTS `room`;
/*!40101 SET @saved_cs_client     = @@character_set_client */;
/*!50503 SET character_set_client = utf8mb4 */;
CREATE TABLE `room` (
  `room_number` int NOT NULL,
  `id_cinema` int unsigned NOT NULL,
  `seat_count` int NOT NULL,
  `row_count` int unsigned NOT NULL,
  PRIMARY KEY (`room_number`,`id_cinema`),
  KEY `id_cinema_idx` (`id_cinema`),
  CONSTRAINT `room_ibfk_1` FOREIGN KEY (`id_cinema`) REFERENCES `cinema` (`id_cinema`)
) ENGINE=InnoDB DEFAULT CHARSET=utf8mb4 COLLATE=utf8mb4_0900_ai_ci;
/*!40101 SET character_set_client = @saved_cs_client */;

--
-- Dumping data for table `room`
--

LOCK TABLES `room` WRITE;
/*!40000 ALTER TABLE `room` DISABLE KEYS */;
INSERT INTO `room` VALUES (1,7,240,12),(1,8,459,17),(1,9,150,10),(1,10,459,17),(1,11,150,10),(1,12,150,10),(1,13,240,12),(1,14,240,12),(2,8,150,10),(2,9,459,17),(2,10,240,12),(2,11,459,17),(2,12,240,12),(2,14,150,10),(3,8,96,8),(3,9,240,12),(3,10,150,10),(3,14,459,17),(4,9,96,8),(4,10,96,8);
/*!40000 ALTER TABLE `room` ENABLE KEYS */;
UNLOCK TABLES;

--
-- Table structure for table `seat`
--

DROP TABLE IF EXISTS `seat`;
/*!40101 SET @saved_cs_client     = @@character_set_client */;
/*!50503 SET character_set_client = utf8mb4 */;
CREATE TABLE `seat` (
  `seat_row` int NOT NULL,
  `seat_number` int NOT NULL,
  `room_number` int DEFAULT NULL,
  `id_cinema` int unsigned NOT NULL,
  `id_seat` int unsigned NOT NULL AUTO_INCREMENT,
  PRIMARY KEY (`id_seat`),
  KEY `room_number_cinema_idx` (`room_number`,`id_cinema`),
  CONSTRAINT `seat_ibfk_1` FOREIGN KEY (`room_number`, `id_cinema`) REFERENCES `room` (`room_number`, `id_cinema`)
) ENGINE=InnoDB AUTO_INCREMENT=5284 DEFAULT CHARSET=utf8mb4 COLLATE=utf8mb4_0900_ai_ci;
/*!40101 SET character_set_client = @saved_cs_client */;

--
-- Dumping data for table `seat`
--

LOCK TABLES `seat` WRITE;
/*!40000 ALTER TABLE `seat` DISABLE KEYS */;
INSERT INTO `seat` VALUES (12,20,1,14,361),(12,19,1,14,362),(12,18,1,14,363),(12,17,1,14,364),(12,16,1,14,365),(12,15,1,14,366),(12,14,1,14,367),(12,13,1,14,368),(12,12,1,14,369),(12,11,1,14,370),(12,10,1,14,371),(12,9,1,14,372),(12,8,1,14,373),(12,7,1,14,374),(12,6,1,14,375),(12,5,1,14,376),(12,4,1,14,377),(12,3,1,14,378),(12,2,1,14,379),(12,1,1,14,380),(11,20,1,14,381),(11,19,1,14,382),(11,18,1,14,383),(11,17,1,14,384),(11,16,1,14,385),(11,15,1,14,386),(11,14,1,14,387),(11,13,1,14,388),(11,12,1,14,389),(11,11,1,14,390),(11,10,1,14,391),(11,9,1,14,392),(11,8,1,14,393),(11,7,1,14,394),(11,6,1,14,395),(11,5,1,14,396),(11,4,1,14,397),(11,3,1,14,398),(11,2,1,14,399),(11,1,1,14,400),(10,20,1,14,401),(10,19,1,14,402),(10,18,1,14,403),(10,17,1,14,404),(10,16,1,14,405),(10,15,1,14,406),(10,14,1,14,407),(10,13,1,14,408),(10,12,1,14,409),(10,11,1,14,410),(10,10,1,14,411),(10,9,1,14,412),(10,8,1,14,413),(10,7,1,14,414),(10,6,1,14,415),(10,5,1,14,416),(10,4,1,14,417),(10,3,1,14,418),(10,2,1,14,419),(10,1,1,14,420),(9,20,1,14,421),(9,19,1,14,422),(9,18,1,14,423),(9,17,1,14,424),(9,16,1,14,425),(9,15,1,14,426),(9,14,1,14,427),(9,13,1,14,428),(9,12,1,14,429),(9,11,1,14,430),(9,10,1,14,431),(9,9,1,14,432),(9,8,1,14,433),(9,7,1,14,434),(9,6,1,14,435),(9,5,1,14,436),(9,4,1,14,437),(9,3,1,14,438),(9,2,1,14,439),(9,1,1,14,440),(8,20,1,14,441),(8,19,1,14,442),(8,18,1,14,443),(8,17,1,14,444),(8,16,1,14,445),(8,15,1,14,446),(8,14,1,14,447),(8,13,1,14,448),(8,12,1,14,449),(8,11,1,14,450),(8,10,1,14,451),(8,9,1,14,452),(8,8,1,14,453),(8,7,1,14,454),(8,6,1,14,455),(8,5,1,14,456),(8,4,1,14,457),(8,3,1,14,458),(8,2,1,14,459),(8,1,1,14,460),(7,20,1,14,461),(7,19,1,14,462),(7,18,1,14,463),(7,17,1,14,464),(7,16,1,14,465),(7,15,1,14,466),(7,14,1,14,467),(7,13,1,14,468),(7,12,1,14,469),(7,11,1,14,470),(7,10,1,14,471),(7,9,1,14,472),(7,8,1,14,473),(7,7,1,14,474),(7,6,1,14,475),(7,5,1,14,476),(7,4,1,14,477),(7,3,1,14,478),(7,2,1,14,479),(7,1,1,14,480),(6,20,1,14,481),(6,19,1,14,482),(6,18,1,14,483),(6,17,1,14,484),(6,16,1,14,485),(6,15,1,14,486),(6,14,1,14,487),(6,13,1,14,488),(6,12,1,14,489),(6,11,1,14,490),(6,10,1,14,491),(6,9,1,14,492),(6,8,1,14,493),(6,7,1,14,494),(6,6,1,14,495),(6,5,1,14,496),(6,4,1,14,497),(6,3,1,14,498),(6,2,1,14,499),(6,1,1,14,500),(5,20,1,14,501),(5,19,1,14,502),(5,18,1,14,503),(5,17,1,14,504),(5,16,1,14,505),(5,15,1,14,506),(5,14,1,14,507),(5,13,1,14,508),(5,12,1,14,509),(5,11,1,14,510),(5,10,1,14,511),(5,9,1,14,512),(5,8,1,14,513),(5,7,1,14,514),(5,6,1,14,515),(5,5,1,14,516),(5,4,1,14,517),(5,3,1,14,518),(5,2,1,14,519),(5,1,1,14,520),(4,20,1,14,521),(4,19,1,14,522),(4,18,1,14,523),(4,17,1,14,524),(4,16,1,14,525),(4,15,1,14,526),(4,14,1,14,527),(4,13,1,14,528),(4,12,1,14,529),(4,11,1,14,530),(4,10,1,14,531),(4,9,1,14,532),(4,8,1,14,533),(4,7,1,14,534),(4,6,1,14,535),(4,5,1,14,536),(4,4,1,14,537),(4,3,1,14,538),(4,2,1,14,539),(4,1,1,14,540),(3,20,1,14,541),(3,19,1,14,542),(3,18,1,14,543),(3,17,1,14,544),(3,16,1,14,545),(3,15,1,14,546),(3,14,1,14,547),(3,13,1,14,548),(3,12,1,14,549),(3,11,1,14,550),(3,10,1,14,551),(3,9,1,14,552),(3,8,1,14,553),(3,7,1,14,554),(3,6,1,14,555),(3,5,1,14,556),(3,4,1,14,557),(3,3,1,14,558),(3,2,1,14,559),(3,1,1,14,560),(2,20,1,14,561),(2,19,1,14,562),(2,18,1,14,563),(2,17,1,14,564),(2,16,1,14,565),(2,15,1,14,566),(2,14,1,14,567),(2,13,1,14,568),(2,12,1,14,569),(2,11,1,14,570),(2,10,1,14,571),(2,9,1,14,572),(2,8,1,14,573),(2,7,1,14,574),(2,6,1,14,575),(2,5,1,14,576),(2,4,1,14,577),(2,3,1,14,578),(2,2,1,14,579),(2,1,1,14,580),(1,20,1,14,581),(1,19,1,14,582),(1,18,1,14,583),(1,17,1,14,584),(1,16,1,14,585),(1,15,1,14,586),(1,14,1,14,587),(1,13,1,14,588),(1,12,1,14,589),(1,11,1,14,590),(1,10,1,14,591),(1,9,1,14,592),(1,8,1,14,593),(1,7,1,14,594),(1,6,1,14,595),(1,5,1,14,596),(1,4,1,14,597),(1,3,1,14,598),(1,2,1,14,599),(1,1,1,14,600),(10,15,2,14,601),(10,14,2,14,602),(10,13,2,14,603),(10,12,2,14,604),(10,11,2,14,605),(10,10,2,14,606),(10,9,2,14,607),(10,8,2,14,608),(10,7,2,14,609),(10,6,2,14,610),(10,5,2,14,611),(10,4,2,14,612),(10,3,2,14,613),(10,2,2,14,614),(10,1,2,14,615),(9,15,2,14,616),(9,14,2,14,617),(9,13,2,14,618),(9,12,2,14,619),(9,11,2,14,620),(9,10,2,14,621),(9,9,2,14,622),(9,8,2,14,623),(9,7,2,14,624),(9,6,2,14,625),(9,5,2,14,626),(9,4,2,14,627),(9,3,2,14,628),(9,2,2,14,629),(9,1,2,14,630),(8,15,2,14,631),(8,14,2,14,632),(8,13,2,14,633),(8,12,2,14,634),(8,11,2,14,635),(8,10,2,14,636),(8,9,2,14,637),(8,8,2,14,638),(8,7,2,14,639),(8,6,2,14,640),(8,5,2,14,641),(8,4,2,14,642),(8,3,2,14,643),(8,2,2,14,644),(8,1,2,14,645),(7,15,2,14,646),(7,14,2,14,647),(7,13,2,14,648),(7,12,2,14,649),(7,11,2,14,650),(7,10,2,14,651),(7,9,2,14,652),(7,8,2,14,653),(7,7,2,14,654),(7,6,2,14,655),(7,5,2,14,656),(7,4,2,14,657),(7,3,2,14,658),(7,2,2,14,659),(7,1,2,14,660),(6,15,2,14,661),(6,14,2,14,662),(6,13,2,14,663),(6,12,2,14,664),(6,11,2,14,665),(6,10,2,14,666),(6,9,2,14,667),(6,8,2,14,668),(6,7,2,14,669),(6,6,2,14,670),(6,5,2,14,671),(6,4,2,14,672),(6,3,2,14,673),(6,2,2,14,674),(6,1,2,14,675),(5,15,2,14,676),(5,14,2,14,677),(5,13,2,14,678),(5,12,2,14,679),(5,11,2,14,680),(5,10,2,14,681),(5,9,2,14,682),(5,8,2,14,683),(5,7,2,14,684),(5,6,2,14,685),(5,5,2,14,686),(5,4,2,14,687),(5,3,2,14,688),(5,2,2,14,689),(5,1,2,14,690),(4,15,2,14,691),(4,14,2,14,692),(4,13,2,14,693),(4,12,2,14,694),(4,11,2,14,695),(4,10,2,14,696),(4,9,2,14,697),(4,8,2,14,698),(4,7,2,14,699),(4,6,2,14,700),(4,5,2,14,701),(4,4,2,14,702),(4,3,2,14,703),(4,2,2,14,704),(4,1,2,14,705),(3,15,2,14,706),(3,14,2,14,707),(3,13,2,14,708),(3,12,2,14,709),(3,11,2,14,710),(3,10,2,14,711),(3,9,2,14,712),(3,8,2,14,713),(3,7,2,14,714),(3,6,2,14,715),(3,5,2,14,716),(3,4,2,14,717),(3,3,2,14,718),(3,2,2,14,719),(3,1,2,14,720),(2,15,2,14,721),(2,14,2,14,722),(2,13,2,14,723),(2,12,2,14,724),(2,11,2,14,725),(2,10,2,14,726),(2,9,2,14,727),(2,8,2,14,728),(2,7,2,14,729),(2,6,2,14,730),(2,5,2,14,731),(2,4,2,14,732),(2,3,2,14,733),(2,2,2,14,734),(2,1,2,14,735),(1,15,2,14,736),(1,14,2,14,737),(1,13,2,14,738),(1,12,2,14,739),(1,11,2,14,740),(1,10,2,14,741),(1,9,2,14,742),(1,8,2,14,743),(1,7,2,14,744),(1,6,2,14,745),(1,5,2,14,746),(1,4,2,14,747),(1,3,2,14,748),(1,2,2,14,749),(1,1,2,14,750),(17,27,3,14,751),(17,26,3,14,752),(17,25,3,14,753),(17,24,3,14,754),(17,23,3,14,755),(17,22,3,14,756),(17,21,3,14,757),(17,20,3,14,758),(17,19,3,14,759),(17,18,3,14,760),(17,17,3,14,761),(17,16,3,14,762),(17,15,3,14,763),(17,14,3,14,764),(17,13,3,14,765),(17,12,3,14,766),(17,11,3,14,767),(17,10,3,14,768),(17,9,3,14,769),(17,8,3,14,770),(17,7,3,14,771),(17,6,3,14,772),(17,5,3,14,773),(17,4,3,14,774),(17,3,3,14,775),(17,2,3,14,776),(17,1,3,14,777),(16,27,3,14,778),(16,26,3,14,779),(16,25,3,14,780),(16,24,3,14,781),(16,23,3,14,782),(16,22,3,14,783),(16,21,3,14,784),(16,20,3,14,785),(16,19,3,14,786),(16,18,3,14,787),(16,17,3,14,788),(16,16,3,14,789),(16,15,3,14,790),(16,14,3,14,791),(16,13,3,14,792),(16,12,3,14,793),(16,11,3,14,794),(16,10,3,14,795),(16,9,3,14,796),(16,8,3,14,797),(16,7,3,14,798),(16,6,3,14,799),(16,5,3,14,800),(16,4,3,14,801),(16,3,3,14,802),(16,2,3,14,803),(16,1,3,14,804),(15,27,3,14,805),(15,26,3,14,806),(15,25,3,14,807),(15,24,3,14,808),(15,23,3,14,809),(15,22,3,14,810),(15,21,3,14,811),(15,20,3,14,812),(15,19,3,14,813),(15,18,3,14,814),(15,17,3,14,815),(15,16,3,14,816),(15,15,3,14,817),(15,14,3,14,818),(15,13,3,14,819),(15,12,3,14,820),(15,11,3,14,821),(15,10,3,14,822),(15,9,3,14,823),(15,8,3,14,824),(15,7,3,14,825),(15,6,3,14,826),(15,5,3,14,827),(15,4,3,14,828),(15,3,3,14,829),(15,2,3,14,830),(15,1,3,14,831),(14,27,3,14,832),(14,26,3,14,833),(14,25,3,14,834),(14,24,3,14,835),(14,23,3,14,836),(14,22,3,14,837),(14,21,3,14,838),(14,20,3,14,839),(14,19,3,14,840),(14,18,3,14,841),(14,17,3,14,842),(14,16,3,14,843),(14,15,3,14,844),(14,14,3,14,845),(14,13,3,14,846),(14,12,3,14,847),(14,11,3,14,848),(14,10,3,14,849),(14,9,3,14,850),(14,8,3,14,851),(14,7,3,14,852),(14,6,3,14,853),(14,5,3,14,854),(14,4,3,14,855),(14,3,3,14,856),(14,2,3,14,857),(14,1,3,14,858),(13,27,3,14,859),(13,26,3,14,860),(13,25,3,14,861),(13,24,3,14,862),(13,23,3,14,863),(13,22,3,14,864),(13,21,3,14,865),(13,20,3,14,866),(13,19,3,14,867),(13,18,3,14,868),(13,17,3,14,869),(13,16,3,14,870),(13,15,3,14,871),(13,14,3,14,872),(13,13,3,14,873),(13,12,3,14,874),(13,11,3,14,875),(13,10,3,14,876),(13,9,3,14,877),(13,8,3,14,878),(13,7,3,14,879),(13,6,3,14,880),(13,5,3,14,881),(13,4,3,14,882),(13,3,3,14,883),(13,2,3,14,884),(13,1,3,14,885),(12,27,3,14,886),(12,26,3,14,887),(12,25,3,14,888),(12,24,3,14,889),(12,23,3,14,890),(12,22,3,14,891),(12,21,3,14,892),(12,20,3,14,893),(12,19,3,14,894),(12,18,3,14,895),(12,17,3,14,896),(12,16,3,14,897),(12,15,3,14,898),(12,14,3,14,899),(12,13,3,14,900),(12,12,3,14,901),(12,11,3,14,902),(12,10,3,14,903),(12,9,3,14,904),(12,8,3,14,905),(12,7,3,14,906),(12,6,3,14,907),(12,5,3,14,908),(12,4,3,14,909),(12,3,3,14,910),(12,2,3,14,911),(12,1,3,14,912),(11,27,3,14,913),(11,26,3,14,914),(11,25,3,14,915),(11,24,3,14,916),(11,23,3,14,917),(11,22,3,14,918),(11,21,3,14,919),(11,20,3,14,920),(11,19,3,14,921),(11,18,3,14,922),(11,17,3,14,923),(11,16,3,14,924),(11,15,3,14,925),(11,14,3,14,926),(11,13,3,14,927),(11,12,3,14,928),(11,11,3,14,929),(11,10,3,14,930),(11,9,3,14,931),(11,8,3,14,932),(11,7,3,14,933),(11,6,3,14,934),(11,5,3,14,935),(11,4,3,14,936),(11,3,3,14,937),(11,2,3,14,938),(11,1,3,14,939),(10,27,3,14,940),(10,26,3,14,941),(10,25,3,14,942),(10,24,3,14,943),(10,23,3,14,944),(10,22,3,14,945),(10,21,3,14,946),(10,20,3,14,947),(10,19,3,14,948),(10,18,3,14,949),(10,17,3,14,950),(10,16,3,14,951),(10,15,3,14,952),(10,14,3,14,953),(10,13,3,14,954),(10,12,3,14,955),(10,11,3,14,956),(10,10,3,14,957),(10,9,3,14,958),(10,8,3,14,959),(10,7,3,14,960),(10,6,3,14,961),(10,5,3,14,962),(10,4,3,14,963),(10,3,3,14,964),(10,2,3,14,965),(10,1,3,14,966),(9,27,3,14,967),(9,26,3,14,968),(9,25,3,14,969),(9,24,3,14,970),(9,23,3,14,971),(9,22,3,14,972),(9,21,3,14,973),(9,20,3,14,974),(9,19,3,14,975),(9,18,3,14,976),(9,17,3,14,977),(9,16,3,14,978),(9,15,3,14,979),(9,14,3,14,980),(9,13,3,14,981),(9,12,3,14,982),(9,11,3,14,983),(9,10,3,14,984),(9,9,3,14,985),(9,8,3,14,986),(9,7,3,14,987),(9,6,3,14,988),(9,5,3,14,989),(9,4,3,14,990),(9,3,3,14,991),(9,2,3,14,992),(9,1,3,14,993),(8,27,3,14,994),(8,26,3,14,995),(8,25,3,14,996),(8,24,3,14,997),(8,23,3,14,998),(8,22,3,14,999),(8,21,3,14,1000),(8,20,3,14,1001),(8,19,3,14,1002),(8,18,3,14,1003),(8,17,3,14,1004),(8,16,3,14,1005),(8,15,3,14,1006),(8,14,3,14,1007),(8,13,3,14,1008),(8,12,3,14,1009),(8,11,3,14,1010),(8,10,3,14,1011),(8,9,3,14,1012),(8,8,3,14,1013),(8,7,3,14,1014),(8,6,3,14,1015),(8,5,3,14,1016),(8,4,3,14,1017),(8,3,3,14,1018),(8,2,3,14,1019),(8,1,3,14,1020),(7,27,3,14,1021),(7,26,3,14,1022),(7,25,3,14,1023),(7,24,3,14,1024),(7,23,3,14,1025),(7,22,3,14,1026),(7,21,3,14,1027),(7,20,3,14,1028),(7,19,3,14,1029),(7,18,3,14,1030),(7,17,3,14,1031),(7,16,3,14,1032),(7,15,3,14,1033),(7,14,3,14,1034),(7,13,3,14,1035),(7,12,3,14,1036),(7,11,3,14,1037),(7,10,3,14,1038),(7,9,3,14,1039),(7,8,3,14,1040),(7,7,3,14,1041),(7,6,3,14,1042),(7,5,3,14,1043),(7,4,3,14,1044),(7,3,3,14,1045),(7,2,3,14,1046),(7,1,3,14,1047),(6,27,3,14,1048),(6,26,3,14,1049),(6,25,3,14,1050),(6,24,3,14,1051),(6,23,3,14,1052),(6,22,3,14,1053),(6,21,3,14,1054),(6,20,3,14,1055),(6,19,3,14,1056),(6,18,3,14,1057),(6,17,3,14,1058),(6,16,3,14,1059),(6,15,3,14,1060),(6,14,3,14,1061),(6,13,3,14,1062),(6,12,3,14,1063),(6,11,3,14,1064),(6,10,3,14,1065),(6,9,3,14,1066),(6,8,3,14,1067),(6,7,3,14,1068),(6,6,3,14,1069),(6,5,3,14,1070),(6,4,3,14,1071),(6,3,3,14,1072),(6,2,3,14,1073),(6,1,3,14,1074),(5,27,3,14,1075),(5,26,3,14,1076),(5,25,3,14,1077),(5,24,3,14,1078),(5,23,3,14,1079),(5,22,3,14,1080),(5,21,3,14,1081),(5,20,3,14,1082),(5,19,3,14,1083),(5,18,3,14,1084),(5,17,3,14,1085),(5,16,3,14,1086),(5,15,3,14,1087),(5,14,3,14,1088),(5,13,3,14,1089),(5,12,3,14,1090),(5,11,3,14,1091),(5,10,3,14,1092),(5,9,3,14,1093),(5,8,3,14,1094),(5,7,3,14,1095),(5,6,3,14,1096),(5,5,3,14,1097),(5,4,3,14,1098),(5,3,3,14,1099),(5,2,3,14,1100),(5,1,3,14,1101),(4,27,3,14,1102),(4,26,3,14,1103),(4,25,3,14,1104),(4,24,3,14,1105),(4,23,3,14,1106),(4,22,3,14,1107),(4,21,3,14,1108),(4,20,3,14,1109),(4,19,3,14,1110),(4,18,3,14,1111),(4,17,3,14,1112),(4,16,3,14,1113),(4,15,3,14,1114),(4,14,3,14,1115),(4,13,3,14,1116),(4,12,3,14,1117),(4,11,3,14,1118),(4,10,3,14,1119),(4,9,3,14,1120),(4,8,3,14,1121),(4,7,3,14,1122),(4,6,3,14,1123),(4,5,3,14,1124),(4,4,3,14,1125),(4,3,3,14,1126),(4,2,3,14,1127),(4,1,3,14,1128),(3,27,3,14,1129),(3,26,3,14,1130),(3,25,3,14,1131),(3,24,3,14,1132),(3,23,3,14,1133),(3,22,3,14,1134),(3,21,3,14,1135),(3,20,3,14,1136),(3,19,3,14,1137),(3,18,3,14,1138),(3,17,3,14,1139),(3,16,3,14,1140),(3,15,3,14,1141),(3,14,3,14,1142),(3,13,3,14,1143),(3,12,3,14,1144),(3,11,3,14,1145),(3,10,3,14,1146),(3,9,3,14,1147),(3,8,3,14,1148),(3,7,3,14,1149),(3,6,3,14,1150),(3,5,3,14,1151),(3,4,3,14,1152),(3,3,3,14,1153),(3,2,3,14,1154),(3,1,3,14,1155),(2,27,3,14,1156),(2,26,3,14,1157),(2,25,3,14,1158),(2,24,3,14,1159),(2,23,3,14,1160),(2,22,3,14,1161),(2,21,3,14,1162),(2,20,3,14,1163),(2,19,3,14,1164),(2,18,3,14,1165),(2,17,3,14,1166),(2,16,3,14,1167),(2,15,3,14,1168),(2,14,3,14,1169),(2,13,3,14,1170),(2,12,3,14,1171),(2,11,3,14,1172),(2,10,3,14,1173),(2,9,3,14,1174),(2,8,3,14,1175),(2,7,3,14,1176),(2,6,3,14,1177),(2,5,3,14,1178),(2,4,3,14,1179),(2,3,3,14,1180),(2,2,3,14,1181),(2,1,3,14,1182),(1,27,3,14,1183),(1,26,3,14,1184),(1,25,3,14,1185),(1,24,3,14,1186),(1,23,3,14,1187),(1,22,3,14,1188),(1,21,3,14,1189),(1,20,3,14,1190),(1,19,3,14,1191),(1,18,3,14,1192),(1,17,3,14,1193),(1,16,3,14,1194),(1,15,3,14,1195),(1,14,3,14,1196),(1,13,3,14,1197),(1,12,3,14,1198),(1,11,3,14,1199),(1,10,3,14,1200),(1,9,3,14,1201),(1,8,3,14,1202),(1,7,3,14,1203),(1,6,3,14,1204),(1,5,3,14,1205),(1,4,3,14,1206),(1,3,3,14,1207),(1,2,3,14,1208),(1,1,3,14,1209),(10,15,1,12,1210),(10,14,1,12,1211),(10,13,1,12,1212),(10,12,1,12,1213),(10,11,1,12,1214),(10,10,1,12,1215),(10,9,1,12,1216),(10,8,1,12,1217),(10,7,1,12,1218),(10,6,1,12,1219),(10,5,1,12,1220),(10,4,1,12,1221),(10,3,1,12,1222),(10,2,1,12,1223),(10,1,1,12,1224),(9,15,1,12,1225),(9,14,1,12,1226),(9,13,1,12,1227),(9,12,1,12,1228),(9,11,1,12,1229),(9,10,1,12,1230),(9,9,1,12,1231),(9,8,1,12,1232),(9,7,1,12,1233),(9,6,1,12,1234),(9,5,1,12,1235),(9,4,1,12,1236),(9,3,1,12,1237),(9,2,1,12,1238),(9,1,1,12,1239),(8,15,1,12,1240),(8,14,1,12,1241),(8,13,1,12,1242),(8,12,1,12,1243),(8,11,1,12,1244),(8,10,1,12,1245),(8,9,1,12,1246),(8,8,1,12,1247),(8,7,1,12,1248),(8,6,1,12,1249),(8,5,1,12,1250),(8,4,1,12,1251),(8,3,1,12,1252),(8,2,1,12,1253),(8,1,1,12,1254),(7,15,1,12,1255),(7,14,1,12,1256),(7,13,1,12,1257),(7,12,1,12,1258),(7,11,1,12,1259),(7,10,1,12,1260),(7,9,1,12,1261),(7,8,1,12,1262),(7,7,1,12,1263),(7,6,1,12,1264),(7,5,1,12,1265),(7,4,1,12,1266),(7,3,1,12,1267),(7,2,1,12,1268),(7,1,1,12,1269),(6,15,1,12,1270),(6,14,1,12,1271),(6,13,1,12,1272),(6,12,1,12,1273),(6,11,1,12,1274),(6,10,1,12,1275),(6,9,1,12,1276),(6,8,1,12,1277),(6,7,1,12,1278),(6,6,1,12,1279),(6,5,1,12,1280),(6,4,1,12,1281),(6,3,1,12,1282),(6,2,1,12,1283),(6,1,1,12,1284),(5,15,1,12,1285),(5,14,1,12,1286),(5,13,1,12,1287),(5,12,1,12,1288),(5,11,1,12,1289),(5,10,1,12,1290),(5,9,1,12,1291),(5,8,1,12,1292),(5,7,1,12,1293),(5,6,1,12,1294),(5,5,1,12,1295),(5,4,1,12,1296),(5,3,1,12,1297),(5,2,1,12,1298),(5,1,1,12,1299),(4,15,1,12,1300),(4,14,1,12,1301),(4,13,1,12,1302),(4,12,1,12,1303),(4,11,1,12,1304),(4,10,1,12,1305),(4,9,1,12,1306),(4,8,1,12,1307),(4,7,1,12,1308),(4,6,1,12,1309),(4,5,1,12,1310),(4,4,1,12,1311),(4,3,1,12,1312),(4,2,1,12,1313),(4,1,1,12,1314),(3,15,1,12,1315),(3,14,1,12,1316),(3,13,1,12,1317),(3,12,1,12,1318),(3,11,1,12,1319),(3,10,1,12,1320),(3,9,1,12,1321),(3,8,1,12,1322),(3,7,1,12,1323),(3,6,1,12,1324),(3,5,1,12,1325),(3,4,1,12,1326),(3,3,1,12,1327),(3,2,1,12,1328),(3,1,1,12,1329),(2,15,1,12,1330),(2,14,1,12,1331),(2,13,1,12,1332),(2,12,1,12,1333),(2,11,1,12,1334),(2,10,1,12,1335),(2,9,1,12,1336),(2,8,1,12,1337),(2,7,1,12,1338),(2,6,1,12,1339),(2,5,1,12,1340),(2,4,1,12,1341),(2,3,1,12,1342),(2,2,1,12,1343),(2,1,1,12,1344),(1,15,1,12,1345),(1,14,1,12,1346),(1,13,1,12,1347),(1,12,1,12,1348),(1,11,1,12,1349),(1,10,1,12,1350),(1,9,1,12,1351),(1,8,1,12,1352),(1,7,1,12,1353),(1,6,1,12,1354),(1,5,1,12,1355),(1,4,1,12,1356),(1,3,1,12,1357),(1,2,1,12,1358),(1,1,1,12,1359),(12,20,2,12,1360),(12,19,2,12,1361),(12,18,2,12,1362),(12,17,2,12,1363),(12,16,2,12,1364),(12,15,2,12,1365),(12,14,2,12,1366),(12,13,2,12,1367),(12,12,2,12,1368),(12,11,2,12,1369),(12,10,2,12,1370),(12,9,2,12,1371),(12,8,2,12,1372),(12,7,2,12,1373),(12,6,2,12,1374),(12,5,2,12,1375),(12,4,2,12,1376),(12,3,2,12,1377),(12,2,2,12,1378),(12,1,2,12,1379),(11,20,2,12,1380),(11,19,2,12,1381),(11,18,2,12,1382),(11,17,2,12,1383),(11,16,2,12,1384),(11,15,2,12,1385),(11,14,2,12,1386),(11,13,2,12,1387),(11,12,2,12,1388),(11,11,2,12,1389),(11,10,2,12,1390),(11,9,2,12,1391),(11,8,2,12,1392),(11,7,2,12,1393),(11,6,2,12,1394),(11,5,2,12,1395),(11,4,2,12,1396),(11,3,2,12,1397),(11,2,2,12,1398),(11,1,2,12,1399),(10,20,2,12,1400),(10,19,2,12,1401),(10,18,2,12,1402),(10,17,2,12,1403),(10,16,2,12,1404),(10,15,2,12,1405),(10,14,2,12,1406),(10,13,2,12,1407),(10,12,2,12,1408),(10,11,2,12,1409),(10,10,2,12,1410),(10,9,2,12,1411),(10,8,2,12,1412),(10,7,2,12,1413),(10,6,2,12,1414),(10,5,2,12,1415),(10,4,2,12,1416),(10,3,2,12,1417),(10,2,2,12,1418),(10,1,2,12,1419),(9,20,2,12,1420),(9,19,2,12,1421),(9,18,2,12,1422),(9,17,2,12,1423),(9,16,2,12,1424),(9,15,2,12,1425),(9,14,2,12,1426),(9,13,2,12,1427),(9,12,2,12,1428),(9,11,2,12,1429),(9,10,2,12,1430),(9,9,2,12,1431),(9,8,2,12,1432),(9,7,2,12,1433),(9,6,2,12,1434),(9,5,2,12,1435),(9,4,2,12,1436),(9,3,2,12,1437),(9,2,2,12,1438),(9,1,2,12,1439),(8,20,2,12,1440),(8,19,2,12,1441),(8,18,2,12,1442),(8,17,2,12,1443),(8,16,2,12,1444),(8,15,2,12,1445),(8,14,2,12,1446),(8,13,2,12,1447),(8,12,2,12,1448),(8,11,2,12,1449),(8,10,2,12,1450),(8,9,2,12,1451),(8,8,2,12,1452),(8,7,2,12,1453),(8,6,2,12,1454),(8,5,2,12,1455),(8,4,2,12,1456),(8,3,2,12,1457),(8,2,2,12,1458),(8,1,2,12,1459),(7,20,2,12,1460),(7,19,2,12,1461),(7,18,2,12,1462),(7,17,2,12,1463),(7,16,2,12,1464),(7,15,2,12,1465),(7,14,2,12,1466),(7,13,2,12,1467),(7,12,2,12,1468),(7,11,2,12,1469),(7,10,2,12,1470),(7,9,2,12,1471),(7,8,2,12,1472),(7,7,2,12,1473),(7,6,2,12,1474),(7,5,2,12,1475),(7,4,2,12,1476),(7,3,2,12,1477),(7,2,2,12,1478),(7,1,2,12,1479),(6,20,2,12,1480),(6,19,2,12,1481),(6,18,2,12,1482),(6,17,2,12,1483),(6,16,2,12,1484),(6,15,2,12,1485),(6,14,2,12,1486),(6,13,2,12,1487),(6,12,2,12,1488),(6,11,2,12,1489),(6,10,2,12,1490),(6,9,2,12,1491),(6,8,2,12,1492),(6,7,2,12,1493),(6,6,2,12,1494),(6,5,2,12,1495),(6,4,2,12,1496),(6,3,2,12,1497),(6,2,2,12,1498),(6,1,2,12,1499),(5,20,2,12,1500),(5,19,2,12,1501),(5,18,2,12,1502),(5,17,2,12,1503),(5,16,2,12,1504),(5,15,2,12,1505),(5,14,2,12,1506),(5,13,2,12,1507),(5,12,2,12,1508),(5,11,2,12,1509),(5,10,2,12,1510),(5,9,2,12,1511),(5,8,2,12,1512),(5,7,2,12,1513),(5,6,2,12,1514),(5,5,2,12,1515),(5,4,2,12,1516),(5,3,2,12,1517),(5,2,2,12,1518),(5,1,2,12,1519),(4,20,2,12,1520),(4,19,2,12,1521),(4,18,2,12,1522),(4,17,2,12,1523),(4,16,2,12,1524),(4,15,2,12,1525),(4,14,2,12,1526),(4,13,2,12,1527),(4,12,2,12,1528),(4,11,2,12,1529),(4,10,2,12,1530),(4,9,2,12,1531),(4,8,2,12,1532),(4,7,2,12,1533),(4,6,2,12,1534),(4,5,2,12,1535),(4,4,2,12,1536),(4,3,2,12,1537),(4,2,2,12,1538),(4,1,2,12,1539),(3,20,2,12,1540),(3,19,2,12,1541),(3,18,2,12,1542),(3,17,2,12,1543),(3,16,2,12,1544),(3,15,2,12,1545),(3,14,2,12,1546),(3,13,2,12,1547),(3,12,2,12,1548),(3,11,2,12,1549),(3,10,2,12,1550),(3,9,2,12,1551),(3,8,2,12,1552),(3,7,2,12,1553),(3,6,2,12,1554),(3,5,2,12,1555),(3,4,2,12,1556),(3,3,2,12,1557),(3,2,2,12,1558),(3,1,2,12,1559),(2,20,2,12,1560),(2,19,2,12,1561),(2,18,2,12,1562),(2,17,2,12,1563),(2,16,2,12,1564),(2,15,2,12,1565),(2,14,2,12,1566),(2,13,2,12,1567),(2,12,2,12,1568),(2,11,2,12,1569),(2,10,2,12,1570),(2,9,2,12,1571),(2,8,2,12,1572),(2,7,2,12,1573),(2,6,2,12,1574),(2,5,2,12,1575),(2,4,2,12,1576),(2,3,2,12,1577),(2,2,2,12,1578),(2,1,2,12,1579),(1,20,2,12,1580),(1,19,2,12,1581),(1,18,2,12,1582),(1,17,2,12,1583),(1,16,2,12,1584),(1,15,2,12,1585),(1,14,2,12,1586),(1,13,2,12,1587),(1,12,2,12,1588),(1,11,2,12,1589),(1,10,2,12,1590),(1,9,2,12,1591),(1,8,2,12,1592),(1,7,2,12,1593),(1,6,2,12,1594),(1,5,2,12,1595),(1,4,2,12,1596),(1,3,2,12,1597),(1,2,2,12,1598),(1,1,2,12,1599),(17,27,1,8,1600),(17,26,1,8,1601),(17,25,1,8,1602),(17,24,1,8,1603),(17,23,1,8,1604),(17,22,1,8,1605),(17,21,1,8,1606),(17,20,1,8,1607),(17,19,1,8,1608),(17,18,1,8,1609),(17,17,1,8,1610),(17,16,1,8,1611),(17,15,1,8,1612),(17,14,1,8,1613),(17,13,1,8,1614),(17,12,1,8,1615),(17,11,1,8,1616),(17,10,1,8,1617),(17,9,1,8,1618),(17,8,1,8,1619),(17,7,1,8,1620),(17,6,1,8,1621),(17,5,1,8,1622),(17,4,1,8,1623),(17,3,1,8,1624),(17,2,1,8,1625),(17,1,1,8,1626),(16,27,1,8,1627),(16,26,1,8,1628),(16,25,1,8,1629),(16,24,1,8,1630),(16,23,1,8,1631),(16,22,1,8,1632),(16,21,1,8,1633),(16,20,1,8,1634),(16,19,1,8,1635),(16,18,1,8,1636),(16,17,1,8,1637),(16,16,1,8,1638),(16,15,1,8,1639),(16,14,1,8,1640),(16,13,1,8,1641),(16,12,1,8,1642),(16,11,1,8,1643),(16,10,1,8,1644),(16,9,1,8,1645),(16,8,1,8,1646),(16,7,1,8,1647),(16,6,1,8,1648),(16,5,1,8,1649),(16,4,1,8,1650),(16,3,1,8,1651),(16,2,1,8,1652),(16,1,1,8,1653),(15,27,1,8,1654),(15,26,1,8,1655),(15,25,1,8,1656),(15,24,1,8,1657),(15,23,1,8,1658),(15,22,1,8,1659),(15,21,1,8,1660),(15,20,1,8,1661),(15,19,1,8,1662),(15,18,1,8,1663),(15,17,1,8,1664),(15,16,1,8,1665),(15,15,1,8,1666),(15,14,1,8,1667),(15,13,1,8,1668),(15,12,1,8,1669),(15,11,1,8,1670),(15,10,1,8,1671),(15,9,1,8,1672),(15,8,1,8,1673),(15,7,1,8,1674),(15,6,1,8,1675),(15,5,1,8,1676),(15,4,1,8,1677),(15,3,1,8,1678),(15,2,1,8,1679),(15,1,1,8,1680),(14,27,1,8,1681),(14,26,1,8,1682),(14,25,1,8,1683),(14,24,1,8,1684),(14,23,1,8,1685),(14,22,1,8,1686),(14,21,1,8,1687),(14,20,1,8,1688),(14,19,1,8,1689),(14,18,1,8,1690),(14,17,1,8,1691),(14,16,1,8,1692),(14,15,1,8,1693),(14,14,1,8,1694),(14,13,1,8,1695),(14,12,1,8,1696),(14,11,1,8,1697),(14,10,1,8,1698),(14,9,1,8,1699),(14,8,1,8,1700),(14,7,1,8,1701),(14,6,1,8,1702),(14,5,1,8,1703),(14,4,1,8,1704),(14,3,1,8,1705),(14,2,1,8,1706),(14,1,1,8,1707),(13,27,1,8,1708),(13,26,1,8,1709),(13,25,1,8,1710),(13,24,1,8,1711),(13,23,1,8,1712),(13,22,1,8,1713),(13,21,1,8,1714),(13,20,1,8,1715),(13,19,1,8,1716),(13,18,1,8,1717),(13,17,1,8,1718),(13,16,1,8,1719),(13,15,1,8,1720),(13,14,1,8,1721),(13,13,1,8,1722),(13,12,1,8,1723),(13,11,1,8,1724),(13,10,1,8,1725),(13,9,1,8,1726),(13,8,1,8,1727),(13,7,1,8,1728),(13,6,1,8,1729),(13,5,1,8,1730),(13,4,1,8,1731),(13,3,1,8,1732),(13,2,1,8,1733),(13,1,1,8,1734),(12,27,1,8,1735),(12,26,1,8,1736),(12,25,1,8,1737),(12,24,1,8,1738),(12,23,1,8,1739),(12,22,1,8,1740),(12,21,1,8,1741),(12,20,1,8,1742),(12,19,1,8,1743),(12,18,1,8,1744),(12,17,1,8,1745),(12,16,1,8,1746),(12,15,1,8,1747),(12,14,1,8,1748),(12,13,1,8,1749),(12,12,1,8,1750),(12,11,1,8,1751),(12,10,1,8,1752),(12,9,1,8,1753),(12,8,1,8,1754),(12,7,1,8,1755),(12,6,1,8,1756),(12,5,1,8,1757),(12,4,1,8,1758),(12,3,1,8,1759),(12,2,1,8,1760),(12,1,1,8,1761),(11,27,1,8,1762),(11,26,1,8,1763),(11,25,1,8,1764),(11,24,1,8,1765),(11,23,1,8,1766),(11,22,1,8,1767),(11,21,1,8,1768),(11,20,1,8,1769),(11,19,1,8,1770),(11,18,1,8,1771),(11,17,1,8,1772),(11,16,1,8,1773),(11,15,1,8,1774),(11,14,1,8,1775),(11,13,1,8,1776),(11,12,1,8,1777),(11,11,1,8,1778),(11,10,1,8,1779),(11,9,1,8,1780),(11,8,1,8,1781),(11,7,1,8,1782),(11,6,1,8,1783),(11,5,1,8,1784),(11,4,1,8,1785),(11,3,1,8,1786),(11,2,1,8,1787),(11,1,1,8,1788),(10,27,1,8,1789),(10,26,1,8,1790),(10,25,1,8,1791),(10,24,1,8,1792),(10,23,1,8,1793),(10,22,1,8,1794),(10,21,1,8,1795),(10,20,1,8,1796),(10,19,1,8,1797),(10,18,1,8,1798),(10,17,1,8,1799),(10,16,1,8,1800),(10,15,1,8,1801),(10,14,1,8,1802),(10,13,1,8,1803),(10,12,1,8,1804),(10,11,1,8,1805),(10,10,1,8,1806),(10,9,1,8,1807),(10,8,1,8,1808),(10,7,1,8,1809),(10,6,1,8,1810),(10,5,1,8,1811),(10,4,1,8,1812),(10,3,1,8,1813),(10,2,1,8,1814),(10,1,1,8,1815),(9,27,1,8,1816),(9,26,1,8,1817),(9,25,1,8,1818),(9,24,1,8,1819),(9,23,1,8,1820),(9,22,1,8,1821),(9,21,1,8,1822),(9,20,1,8,1823),(9,19,1,8,1824),(9,18,1,8,1825),(9,17,1,8,1826),(9,16,1,8,1827),(9,15,1,8,1828),(9,14,1,8,1829),(9,13,1,8,1830),(9,12,1,8,1831),(9,11,1,8,1832),(9,10,1,8,1833),(9,9,1,8,1834),(9,8,1,8,1835),(9,7,1,8,1836),(9,6,1,8,1837),(9,5,1,8,1838),(9,4,1,8,1839),(9,3,1,8,1840),(9,2,1,8,1841),(9,1,1,8,1842),(8,27,1,8,1843),(8,26,1,8,1844),(8,25,1,8,1845),(8,24,1,8,1846),(8,23,1,8,1847),(8,22,1,8,1848),(8,21,1,8,1849),(8,20,1,8,1850),(8,19,1,8,1851),(8,18,1,8,1852),(8,17,1,8,1853),(8,16,1,8,1854),(8,15,1,8,1855),(8,14,1,8,1856),(8,13,1,8,1857),(8,12,1,8,1858),(8,11,1,8,1859),(8,10,1,8,1860),(8,9,1,8,1861),(8,8,1,8,1862),(8,7,1,8,1863),(8,6,1,8,1864),(8,5,1,8,1865),(8,4,1,8,1866),(8,3,1,8,1867),(8,2,1,8,1868),(8,1,1,8,1869),(7,27,1,8,1870),(7,26,1,8,1871),(7,25,1,8,1872),(7,24,1,8,1873),(7,23,1,8,1874),(7,22,1,8,1875),(7,21,1,8,1876),(7,20,1,8,1877),(7,19,1,8,1878),(7,18,1,8,1879),(7,17,1,8,1880),(7,16,1,8,1881),(7,15,1,8,1882),(7,14,1,8,1883),(7,13,1,8,1884),(7,12,1,8,1885),(7,11,1,8,1886),(7,10,1,8,1887),(7,9,1,8,1888),(7,8,1,8,1889),(7,7,1,8,1890),(7,6,1,8,1891),(7,5,1,8,1892),(7,4,1,8,1893),(7,3,1,8,1894),(7,2,1,8,1895),(7,1,1,8,1896),(6,27,1,8,1897),(6,26,1,8,1898),(6,25,1,8,1899),(6,24,1,8,1900),(6,23,1,8,1901),(6,22,1,8,1902),(6,21,1,8,1903),(6,20,1,8,1904),(6,19,1,8,1905),(6,18,1,8,1906),(6,17,1,8,1907),(6,16,1,8,1908),(6,15,1,8,1909),(6,14,1,8,1910),(6,13,1,8,1911),(6,12,1,8,1912),(6,11,1,8,1913),(6,10,1,8,1914),(6,9,1,8,1915),(6,8,1,8,1916),(6,7,1,8,1917),(6,6,1,8,1918),(6,5,1,8,1919),(6,4,1,8,1920),(6,3,1,8,1921),(6,2,1,8,1922),(6,1,1,8,1923),(5,27,1,8,1924),(5,26,1,8,1925),(5,25,1,8,1926),(5,24,1,8,1927),(5,23,1,8,1928),(5,22,1,8,1929),(5,21,1,8,1930),(5,20,1,8,1931),(5,19,1,8,1932),(5,18,1,8,1933),(5,17,1,8,1934),(5,16,1,8,1935),(5,15,1,8,1936),(5,14,1,8,1937),(5,13,1,8,1938),(5,12,1,8,1939),(5,11,1,8,1940),(5,10,1,8,1941),(5,9,1,8,1942),(5,8,1,8,1943),(5,7,1,8,1944),(5,6,1,8,1945),(5,5,1,8,1946),(5,4,1,8,1947),(5,3,1,8,1948),(5,2,1,8,1949),(5,1,1,8,1950),(4,27,1,8,1951),(4,26,1,8,1952),(4,25,1,8,1953),(4,24,1,8,1954),(4,23,1,8,1955),(4,22,1,8,1956),(4,21,1,8,1957),(4,20,1,8,1958),(4,19,1,8,1959),(4,18,1,8,1960),(4,17,1,8,1961),(4,16,1,8,1962),(4,15,1,8,1963),(4,14,1,8,1964),(4,13,1,8,1965),(4,12,1,8,1966),(4,11,1,8,1967),(4,10,1,8,1968),(4,9,1,8,1969),(4,8,1,8,1970),(4,7,1,8,1971),(4,6,1,8,1972),(4,5,1,8,1973),(4,4,1,8,1974),(4,3,1,8,1975),(4,2,1,8,1976),(4,1,1,8,1977),(3,27,1,8,1978),(3,26,1,8,1979),(3,25,1,8,1980),(3,24,1,8,1981),(3,23,1,8,1982),(3,22,1,8,1983),(3,21,1,8,1984),(3,20,1,8,1985),(3,19,1,8,1986),(3,18,1,8,1987),(3,17,1,8,1988),(3,16,1,8,1989),(3,15,1,8,1990),(3,14,1,8,1991),(3,13,1,8,1992),(3,12,1,8,1993),(3,11,1,8,1994),(3,10,1,8,1995),(3,9,1,8,1996),(3,8,1,8,1997),(3,7,1,8,1998),(3,6,1,8,1999),(3,5,1,8,2000),(3,4,1,8,2001),(3,3,1,8,2002),(3,2,1,8,2003),(3,1,1,8,2004),(2,27,1,8,2005),(2,26,1,8,2006),(2,25,1,8,2007),(2,24,1,8,2008),(2,23,1,8,2009),(2,22,1,8,2010),(2,21,1,8,2011),(2,20,1,8,2012),(2,19,1,8,2013),(2,18,1,8,2014),(2,17,1,8,2015),(2,16,1,8,2016),(2,15,1,8,2017),(2,14,1,8,2018),(2,13,1,8,2019),(2,12,1,8,2020),(2,11,1,8,2021),(2,10,1,8,2022),(2,9,1,8,2023),(2,8,1,8,2024),(2,7,1,8,2025),(2,6,1,8,2026),(2,5,1,8,2027),(2,4,1,8,2028),(2,3,1,8,2029),(2,2,1,8,2030),(2,1,1,8,2031),(1,27,1,8,2032),(1,26,1,8,2033),(1,25,1,8,2034),(1,24,1,8,2035),(1,23,1,8,2036),(1,22,1,8,2037),(1,21,1,8,2038),(1,20,1,8,2039),(1,19,1,8,2040),(1,18,1,8,2041),(1,17,1,8,2042),(1,16,1,8,2043),(1,15,1,8,2044),(1,14,1,8,2045),(1,13,1,8,2046),(1,12,1,8,2047),(1,11,1,8,2048),(1,10,1,8,2049),(1,9,1,8,2050),(1,8,1,8,2051),(1,7,1,8,2052),(1,6,1,8,2053),(1,5,1,8,2054),(1,4,1,8,2055),(1,3,1,8,2056),(1,2,1,8,2057),(1,1,1,8,2058),(10,15,2,8,2059),(10,14,2,8,2060),(10,13,2,8,2061),(10,12,2,8,2062),(10,11,2,8,2063),(10,10,2,8,2064),(10,9,2,8,2065),(10,8,2,8,2066),(10,7,2,8,2067),(10,6,2,8,2068),(10,5,2,8,2069),(10,4,2,8,2070),(10,3,2,8,2071),(10,2,2,8,2072),(10,1,2,8,2073),(9,15,2,8,2074),(9,14,2,8,2075),(9,13,2,8,2076),(9,12,2,8,2077),(9,11,2,8,2078),(9,10,2,8,2079),(9,9,2,8,2080),(9,8,2,8,2081),(9,7,2,8,2082),(9,6,2,8,2083),(9,5,2,8,2084),(9,4,2,8,2085),(9,3,2,8,2086),(9,2,2,8,2087),(9,1,2,8,2088),(8,15,2,8,2089),(8,14,2,8,2090),(8,13,2,8,2091),(8,12,2,8,2092),(8,11,2,8,2093),(8,10,2,8,2094),(8,9,2,8,2095),(8,8,2,8,2096),(8,7,2,8,2097),(8,6,2,8,2098),(8,5,2,8,2099),(8,4,2,8,2100),(8,3,2,8,2101),(8,2,2,8,2102),(8,1,2,8,2103),(7,15,2,8,2104),(7,14,2,8,2105),(7,13,2,8,2106),(7,12,2,8,2107),(7,11,2,8,2108),(7,10,2,8,2109),(7,9,2,8,2110),(7,8,2,8,2111),(7,7,2,8,2112),(7,6,2,8,2113),(7,5,2,8,2114),(7,4,2,8,2115),(7,3,2,8,2116),(7,2,2,8,2117),(7,1,2,8,2118),(6,15,2,8,2119),(6,14,2,8,2120),(6,13,2,8,2121),(6,12,2,8,2122),(6,11,2,8,2123),(6,10,2,8,2124),(6,9,2,8,2125),(6,8,2,8,2126),(6,7,2,8,2127),(6,6,2,8,2128),(6,5,2,8,2129),(6,4,2,8,2130),(6,3,2,8,2131),(6,2,2,8,2132),(6,1,2,8,2133),(5,15,2,8,2134),(5,14,2,8,2135),(5,13,2,8,2136),(5,12,2,8,2137),(5,11,2,8,2138),(5,10,2,8,2139),(5,9,2,8,2140),(5,8,2,8,2141),(5,7,2,8,2142),(5,6,2,8,2143),(5,5,2,8,2144),(5,4,2,8,2145),(5,3,2,8,2146),(5,2,2,8,2147),(5,1,2,8,2148),(4,15,2,8,2149),(4,14,2,8,2150),(4,13,2,8,2151),(4,12,2,8,2152),(4,11,2,8,2153),(4,10,2,8,2154),(4,9,2,8,2155),(4,8,2,8,2156),(4,7,2,8,2157),(4,6,2,8,2158),(4,5,2,8,2159),(4,4,2,8,2160),(4,3,2,8,2161),(4,2,2,8,2162),(4,1,2,8,2163),(3,15,2,8,2164),(3,14,2,8,2165),(3,13,2,8,2166),(3,12,2,8,2167),(3,11,2,8,2168),(3,10,2,8,2169),(3,9,2,8,2170),(3,8,2,8,2171),(3,7,2,8,2172),(3,6,2,8,2173),(3,5,2,8,2174),(3,4,2,8,2175),(3,3,2,8,2176),(3,2,2,8,2177),(3,1,2,8,2178),(2,15,2,8,2179),(2,14,2,8,2180),(2,13,2,8,2181),(2,12,2,8,2182),(2,11,2,8,2183),(2,10,2,8,2184),(2,9,2,8,2185),(2,8,2,8,2186),(2,7,2,8,2187),(2,6,2,8,2188),(2,5,2,8,2189),(2,4,2,8,2190),(2,3,2,8,2191),(2,2,2,8,2192),(2,1,2,8,2193),(1,15,2,8,2194),(1,14,2,8,2195),(1,13,2,8,2196),(1,12,2,8,2197),(1,11,2,8,2198),(1,10,2,8,2199),(1,9,2,8,2200),(1,8,2,8,2201),(1,7,2,8,2202),(1,6,2,8,2203),(1,5,2,8,2204),(1,4,2,8,2205),(1,3,2,8,2206),(1,2,2,8,2207),(1,1,2,8,2208),(8,12,3,8,2209),(8,11,3,8,2210),(8,10,3,8,2211),(8,9,3,8,2212),(8,8,3,8,2213),(8,7,3,8,2214),(8,6,3,8,2215),(8,5,3,8,2216),(8,4,3,8,2217),(8,3,3,8,2218),(8,2,3,8,2219),(8,1,3,8,2220),(7,12,3,8,2221),(7,11,3,8,2222),(7,10,3,8,2223),(7,9,3,8,2224),(7,8,3,8,2225),(7,7,3,8,2226),(7,6,3,8,2227),(7,5,3,8,2228),(7,4,3,8,2229),(7,3,3,8,2230),(7,2,3,8,2231),(7,1,3,8,2232),(6,12,3,8,2233),(6,11,3,8,2234),(6,10,3,8,2235),(6,9,3,8,2236),(6,8,3,8,2237),(6,7,3,8,2238),(6,6,3,8,2239),(6,5,3,8,2240),(6,4,3,8,2241),(6,3,3,8,2242),(6,2,3,8,2243),(6,1,3,8,2244),(5,12,3,8,2245),(5,11,3,8,2246),(5,10,3,8,2247),(5,9,3,8,2248),(5,8,3,8,2249),(5,7,3,8,2250),(5,6,3,8,2251),(5,5,3,8,2252),(5,4,3,8,2253),(5,3,3,8,2254),(5,2,3,8,2255),(5,1,3,8,2256),(4,12,3,8,2257),(4,11,3,8,2258),(4,10,3,8,2259),(4,9,3,8,2260),(4,8,3,8,2261),(4,7,3,8,2262),(4,6,3,8,2263),(4,5,3,8,2264),(4,4,3,8,2265),(4,3,3,8,2266),(4,2,3,8,2267),(4,1,3,8,2268),(3,12,3,8,2269),(3,11,3,8,2270),(3,10,3,8,2271),(3,9,3,8,2272),(3,8,3,8,2273),(3,7,3,8,2274),(3,6,3,8,2275),(3,5,3,8,2276),(3,4,3,8,2277),(3,3,3,8,2278),(3,2,3,8,2279),(3,1,3,8,2280),(2,12,3,8,2281),(2,11,3,8,2282),(2,10,3,8,2283),(2,9,3,8,2284),(2,8,3,8,2285),(2,7,3,8,2286),(2,6,3,8,2287),(2,5,3,8,2288),(2,4,3,8,2289),(2,3,3,8,2290),(2,2,3,8,2291),(2,1,3,8,2292),(1,12,3,8,2293),(1,11,3,8,2294),(1,10,3,8,2295),(1,9,3,8,2296),(1,8,3,8,2297),(1,7,3,8,2298),(1,6,3,8,2299),(1,5,3,8,2300),(1,4,3,8,2301),(1,3,3,8,2302),(1,2,3,8,2303),(1,1,3,8,2304),(12,20,1,7,2305),(12,19,1,7,2306),(12,18,1,7,2307),(12,17,1,7,2308),(12,16,1,7,2309),(12,15,1,7,2310),(12,14,1,7,2311),(12,13,1,7,2312),(12,12,1,7,2313),(12,11,1,7,2314),(12,10,1,7,2315),(12,9,1,7,2316),(12,8,1,7,2317),(12,7,1,7,2318),(12,6,1,7,2319),(12,5,1,7,2320),(12,4,1,7,2321),(12,3,1,7,2322),(12,2,1,7,2323),(12,1,1,7,2324),(11,20,1,7,2325),(11,19,1,7,2326),(11,18,1,7,2327),(11,17,1,7,2328),(11,16,1,7,2329),(11,15,1,7,2330),(11,14,1,7,2331),(11,13,1,7,2332),(11,12,1,7,2333),(11,11,1,7,2334),(11,10,1,7,2335),(11,9,1,7,2336),(11,8,1,7,2337),(11,7,1,7,2338),(11,6,1,7,2339),(11,5,1,7,2340),(11,4,1,7,2341),(11,3,1,7,2342),(11,2,1,7,2343),(11,1,1,7,2344),(10,20,1,7,2345),(10,19,1,7,2346),(10,18,1,7,2347),(10,17,1,7,2348),(10,16,1,7,2349),(10,15,1,7,2350),(10,14,1,7,2351),(10,13,1,7,2352),(10,12,1,7,2353),(10,11,1,7,2354),(10,10,1,7,2355),(10,9,1,7,2356),(10,8,1,7,2357),(10,7,1,7,2358),(10,6,1,7,2359),(10,5,1,7,2360),(10,4,1,7,2361),(10,3,1,7,2362),(10,2,1,7,2363),(10,1,1,7,2364),(9,20,1,7,2365),(9,19,1,7,2366),(9,18,1,7,2367),(9,17,1,7,2368),(9,16,1,7,2369),(9,15,1,7,2370),(9,14,1,7,2371),(9,13,1,7,2372),(9,12,1,7,2373),(9,11,1,7,2374),(9,10,1,7,2375),(9,9,1,7,2376),(9,8,1,7,2377),(9,7,1,7,2378),(9,6,1,7,2379),(9,5,1,7,2380),(9,4,1,7,2381),(9,3,1,7,2382),(9,2,1,7,2383),(9,1,1,7,2384),(8,20,1,7,2385),(8,19,1,7,2386),(8,18,1,7,2387),(8,17,1,7,2388),(8,16,1,7,2389),(8,15,1,7,2390),(8,14,1,7,2391),(8,13,1,7,2392),(8,12,1,7,2393),(8,11,1,7,2394),(8,10,1,7,2395),(8,9,1,7,2396),(8,8,1,7,2397),(8,7,1,7,2398),(8,6,1,7,2399),(8,5,1,7,2400),(8,4,1,7,2401),(8,3,1,7,2402),(8,2,1,7,2403),(8,1,1,7,2404),(7,20,1,7,2405),(7,19,1,7,2406),(7,18,1,7,2407),(7,17,1,7,2408),(7,16,1,7,2409),(7,15,1,7,2410),(7,14,1,7,2411),(7,13,1,7,2412),(7,12,1,7,2413),(7,11,1,7,2414),(7,10,1,7,2415),(7,9,1,7,2416),(7,8,1,7,2417),(7,7,1,7,2418),(7,6,1,7,2419),(7,5,1,7,2420),(7,4,1,7,2421),(7,3,1,7,2422),(7,2,1,7,2423),(7,1,1,7,2424),(6,20,1,7,2425),(6,19,1,7,2426),(6,18,1,7,2427),(6,17,1,7,2428),(6,16,1,7,2429),(6,15,1,7,2430),(6,14,1,7,2431),(6,13,1,7,2432),(6,12,1,7,2433),(6,11,1,7,2434),(6,10,1,7,2435),(6,9,1,7,2436),(6,8,1,7,2437),(6,7,1,7,2438),(6,6,1,7,2439),(6,5,1,7,2440),(6,4,1,7,2441),(6,3,1,7,2442),(6,2,1,7,2443),(6,1,1,7,2444),(5,20,1,7,2445),(5,19,1,7,2446),(5,18,1,7,2447),(5,17,1,7,2448),(5,16,1,7,2449),(5,15,1,7,2450),(5,14,1,7,2451),(5,13,1,7,2452),(5,12,1,7,2453),(5,11,1,7,2454),(5,10,1,7,2455),(5,9,1,7,2456),(5,8,1,7,2457),(5,7,1,7,2458),(5,6,1,7,2459),(5,5,1,7,2460),(5,4,1,7,2461),(5,3,1,7,2462),(5,2,1,7,2463),(5,1,1,7,2464),(4,20,1,7,2465),(4,19,1,7,2466),(4,18,1,7,2467),(4,17,1,7,2468),(4,16,1,7,2469),(4,15,1,7,2470),(4,14,1,7,2471),(4,13,1,7,2472),(4,12,1,7,2473),(4,11,1,7,2474),(4,10,1,7,2475),(4,9,1,7,2476),(4,8,1,7,2477),(4,7,1,7,2478),(4,6,1,7,2479),(4,5,1,7,2480),(4,4,1,7,2481),(4,3,1,7,2482),(4,2,1,7,2483),(4,1,1,7,2484),(3,20,1,7,2485),(3,19,1,7,2486),(3,18,1,7,2487),(3,17,1,7,2488),(3,16,1,7,2489),(3,15,1,7,2490),(3,14,1,7,2491),(3,13,1,7,2492),(3,12,1,7,2493),(3,11,1,7,2494),(3,10,1,7,2495),(3,9,1,7,2496),(3,8,1,7,2497),(3,7,1,7,2498),(3,6,1,7,2499),(3,5,1,7,2500),(3,4,1,7,2501),(3,3,1,7,2502),(3,2,1,7,2503),(3,1,1,7,2504),(2,20,1,7,2505),(2,19,1,7,2506),(2,18,1,7,2507),(2,17,1,7,2508),(2,16,1,7,2509),(2,15,1,7,2510),(2,14,1,7,2511),(2,13,1,7,2512),(2,12,1,7,2513),(2,11,1,7,2514),(2,10,1,7,2515),(2,9,1,7,2516),(2,8,1,7,2517),(2,7,1,7,2518),(2,6,1,7,2519),(2,5,1,7,2520),(2,4,1,7,2521),(2,3,1,7,2522),(2,2,1,7,2523),(2,1,1,7,2524),(1,20,1,7,2525),(1,19,1,7,2526),(1,18,1,7,2527),(1,17,1,7,2528),(1,16,1,7,2529),(1,15,1,7,2530),(1,14,1,7,2531),(1,13,1,7,2532),(1,12,1,7,2533),(1,11,1,7,2534),(1,10,1,7,2535),(1,9,1,7,2536),(1,8,1,7,2537),(1,7,1,7,2538),(1,6,1,7,2539),(1,5,1,7,2540),(1,4,1,7,2541),(1,3,1,7,2542),(1,2,1,7,2543),(1,1,1,7,2544),(17,27,1,10,2545),(17,26,1,10,2546),(17,25,1,10,2547),(17,24,1,10,2548),(17,23,1,10,2549),(17,22,1,10,2550),(17,21,1,10,2551),(17,20,1,10,2552),(17,19,1,10,2553),(17,18,1,10,2554),(17,17,1,10,2555),(17,16,1,10,2556),(17,15,1,10,2557),(17,14,1,10,2558),(17,13,1,10,2559),(17,12,1,10,2560),(17,11,1,10,2561),(17,10,1,10,2562),(17,9,1,10,2563),(17,8,1,10,2564),(17,7,1,10,2565),(17,6,1,10,2566),(17,5,1,10,2567),(17,4,1,10,2568),(17,3,1,10,2569),(17,2,1,10,2570),(17,1,1,10,2571),(16,27,1,10,2572),(16,26,1,10,2573),(16,25,1,10,2574),(16,24,1,10,2575),(16,23,1,10,2576),(16,22,1,10,2577),(16,21,1,10,2578),(16,20,1,10,2579),(16,19,1,10,2580),(16,18,1,10,2581),(16,17,1,10,2582),(16,16,1,10,2583),(16,15,1,10,2584),(16,14,1,10,2585),(16,13,1,10,2586),(16,12,1,10,2587),(16,11,1,10,2588),(16,10,1,10,2589),(16,9,1,10,2590),(16,8,1,10,2591),(16,7,1,10,2592),(16,6,1,10,2593),(16,5,1,10,2594),(16,4,1,10,2595),(16,3,1,10,2596),(16,2,1,10,2597),(16,1,1,10,2598),(15,27,1,10,2599),(15,26,1,10,2600),(15,25,1,10,2601),(15,24,1,10,2602),(15,23,1,10,2603),(15,22,1,10,2604),(15,21,1,10,2605),(15,20,1,10,2606),(15,19,1,10,2607),(15,18,1,10,2608),(15,17,1,10,2609),(15,16,1,10,2610),(15,15,1,10,2611),(15,14,1,10,2612),(15,13,1,10,2613),(15,12,1,10,2614),(15,11,1,10,2615),(15,10,1,10,2616),(15,9,1,10,2617),(15,8,1,10,2618),(15,7,1,10,2619),(15,6,1,10,2620),(15,5,1,10,2621),(15,4,1,10,2622),(15,3,1,10,2623),(15,2,1,10,2624),(15,1,1,10,2625),(14,27,1,10,2626),(14,26,1,10,2627),(14,25,1,10,2628),(14,24,1,10,2629),(14,23,1,10,2630),(14,22,1,10,2631),(14,21,1,10,2632),(14,20,1,10,2633),(14,19,1,10,2634),(14,18,1,10,2635),(14,17,1,10,2636),(14,16,1,10,2637),(14,15,1,10,2638),(14,14,1,10,2639),(14,13,1,10,2640),(14,12,1,10,2641),(14,11,1,10,2642),(14,10,1,10,2643),(14,9,1,10,2644),(14,8,1,10,2645),(14,7,1,10,2646),(14,6,1,10,2647),(14,5,1,10,2648),(14,4,1,10,2649),(14,3,1,10,2650),(14,2,1,10,2651),(14,1,1,10,2652),(13,27,1,10,2653),(13,26,1,10,2654),(13,25,1,10,2655),(13,24,1,10,2656),(13,23,1,10,2657),(13,22,1,10,2658),(13,21,1,10,2659),(13,20,1,10,2660),(13,19,1,10,2661),(13,18,1,10,2662),(13,17,1,10,2663),(13,16,1,10,2664),(13,15,1,10,2665),(13,14,1,10,2666),(13,13,1,10,2667),(13,12,1,10,2668),(13,11,1,10,2669),(13,10,1,10,2670),(13,9,1,10,2671),(13,8,1,10,2672),(13,7,1,10,2673),(13,6,1,10,2674),(13,5,1,10,2675),(13,4,1,10,2676),(13,3,1,10,2677),(13,2,1,10,2678),(13,1,1,10,2679),(12,27,1,10,2680),(12,26,1,10,2681),(12,25,1,10,2682),(12,24,1,10,2683),(12,23,1,10,2684),(12,22,1,10,2685),(12,21,1,10,2686),(12,20,1,10,2687),(12,19,1,10,2688),(12,18,1,10,2689),(12,17,1,10,2690),(12,16,1,10,2691),(12,15,1,10,2692),(12,14,1,10,2693),(12,13,1,10,2694),(12,12,1,10,2695),(12,11,1,10,2696),(12,10,1,10,2697),(12,9,1,10,2698),(12,8,1,10,2699),(12,7,1,10,2700),(12,6,1,10,2701),(12,5,1,10,2702),(12,4,1,10,2703),(12,3,1,10,2704),(12,2,1,10,2705),(12,1,1,10,2706),(11,27,1,10,2707),(11,26,1,10,2708),(11,25,1,10,2709),(11,24,1,10,2710),(11,23,1,10,2711),(11,22,1,10,2712),(11,21,1,10,2713),(11,20,1,10,2714),(11,19,1,10,2715),(11,18,1,10,2716),(11,17,1,10,2717),(11,16,1,10,2718),(11,15,1,10,2719),(11,14,1,10,2720),(11,13,1,10,2721),(11,12,1,10,2722),(11,11,1,10,2723),(11,10,1,10,2724),(11,9,1,10,2725),(11,8,1,10,2726),(11,7,1,10,2727),(11,6,1,10,2728),(11,5,1,10,2729),(11,4,1,10,2730),(11,3,1,10,2731),(11,2,1,10,2732),(11,1,1,10,2733),(10,27,1,10,2734),(10,26,1,10,2735),(10,25,1,10,2736),(10,24,1,10,2737),(10,23,1,10,2738),(10,22,1,10,2739),(10,21,1,10,2740),(10,20,1,10,2741),(10,19,1,10,2742),(10,18,1,10,2743),(10,17,1,10,2744),(10,16,1,10,2745),(10,15,1,10,2746),(10,14,1,10,2747),(10,13,1,10,2748),(10,12,1,10,2749),(10,11,1,10,2750),(10,10,1,10,2751),(10,9,1,10,2752),(10,8,1,10,2753),(10,7,1,10,2754),(10,6,1,10,2755),(10,5,1,10,2756),(10,4,1,10,2757),(10,3,1,10,2758),(10,2,1,10,2759),(10,1,1,10,2760),(9,27,1,10,2761),(9,26,1,10,2762),(9,25,1,10,2763),(9,24,1,10,2764),(9,23,1,10,2765),(9,22,1,10,2766),(9,21,1,10,2767),(9,20,1,10,2768),(9,19,1,10,2769),(9,18,1,10,2770),(9,17,1,10,2771),(9,16,1,10,2772),(9,15,1,10,2773),(9,14,1,10,2774),(9,13,1,10,2775),(9,12,1,10,2776),(9,11,1,10,2777),(9,10,1,10,2778),(9,9,1,10,2779),(9,8,1,10,2780),(9,7,1,10,2781),(9,6,1,10,2782),(9,5,1,10,2783),(9,4,1,10,2784),(9,3,1,10,2785),(9,2,1,10,2786),(9,1,1,10,2787),(8,27,1,10,2788),(8,26,1,10,2789),(8,25,1,10,2790),(8,24,1,10,2791),(8,23,1,10,2792),(8,22,1,10,2793),(8,21,1,10,2794),(8,20,1,10,2795),(8,19,1,10,2796),(8,18,1,10,2797),(8,17,1,10,2798),(8,16,1,10,2799),(8,15,1,10,2800),(8,14,1,10,2801),(8,13,1,10,2802),(8,12,1,10,2803),(8,11,1,10,2804),(8,10,1,10,2805),(8,9,1,10,2806),(8,8,1,10,2807),(8,7,1,10,2808),(8,6,1,10,2809),(8,5,1,10,2810),(8,4,1,10,2811),(8,3,1,10,2812),(8,2,1,10,2813),(8,1,1,10,2814),(7,27,1,10,2815),(7,26,1,10,2816),(7,25,1,10,2817),(7,24,1,10,2818),(7,23,1,10,2819),(7,22,1,10,2820),(7,21,1,10,2821),(7,20,1,10,2822),(7,19,1,10,2823),(7,18,1,10,2824),(7,17,1,10,2825),(7,16,1,10,2826),(7,15,1,10,2827),(7,14,1,10,2828),(7,13,1,10,2829),(7,12,1,10,2830),(7,11,1,10,2831),(7,10,1,10,2832),(7,9,1,10,2833),(7,8,1,10,2834),(7,7,1,10,2835),(7,6,1,10,2836),(7,5,1,10,2837),(7,4,1,10,2838),(7,3,1,10,2839),(7,2,1,10,2840),(7,1,1,10,2841),(6,27,1,10,2842),(6,26,1,10,2843),(6,25,1,10,2844),(6,24,1,10,2845),(6,23,1,10,2846),(6,22,1,10,2847),(6,21,1,10,2848),(6,20,1,10,2849),(6,19,1,10,2850),(6,18,1,10,2851),(6,17,1,10,2852),(6,16,1,10,2853),(6,15,1,10,2854),(6,14,1,10,2855),(6,13,1,10,2856),(6,12,1,10,2857),(6,11,1,10,2858),(6,10,1,10,2859),(6,9,1,10,2860),(6,8,1,10,2861),(6,7,1,10,2862),(6,6,1,10,2863),(6,5,1,10,2864),(6,4,1,10,2865),(6,3,1,10,2866),(6,2,1,10,2867),(6,1,1,10,2868),(5,27,1,10,2869),(5,26,1,10,2870),(5,25,1,10,2871),(5,24,1,10,2872),(5,23,1,10,2873),(5,22,1,10,2874),(5,21,1,10,2875),(5,20,1,10,2876),(5,19,1,10,2877),(5,18,1,10,2878),(5,17,1,10,2879),(5,16,1,10,2880),(5,15,1,10,2881),(5,14,1,10,2882),(5,13,1,10,2883),(5,12,1,10,2884),(5,11,1,10,2885),(5,10,1,10,2886),(5,9,1,10,2887),(5,8,1,10,2888),(5,7,1,10,2889),(5,6,1,10,2890),(5,5,1,10,2891),(5,4,1,10,2892),(5,3,1,10,2893),(5,2,1,10,2894),(5,1,1,10,2895),(4,27,1,10,2896),(4,26,1,10,2897),(4,25,1,10,2898),(4,24,1,10,2899),(4,23,1,10,2900),(4,22,1,10,2901),(4,21,1,10,2902),(4,20,1,10,2903),(4,19,1,10,2904),(4,18,1,10,2905),(4,17,1,10,2906),(4,16,1,10,2907),(4,15,1,10,2908),(4,14,1,10,2909),(4,13,1,10,2910),(4,12,1,10,2911),(4,11,1,10,2912),(4,10,1,10,2913),(4,9,1,10,2914),(4,8,1,10,2915),(4,7,1,10,2916),(4,6,1,10,2917),(4,5,1,10,2918),(4,4,1,10,2919),(4,3,1,10,2920),(4,2,1,10,2921),(4,1,1,10,2922),(3,27,1,10,2923),(3,26,1,10,2924),(3,25,1,10,2925),(3,24,1,10,2926),(3,23,1,10,2927),(3,22,1,10,2928),(3,21,1,10,2929),(3,20,1,10,2930),(3,19,1,10,2931),(3,18,1,10,2932),(3,17,1,10,2933),(3,16,1,10,2934),(3,15,1,10,2935),(3,14,1,10,2936),(3,13,1,10,2937),(3,12,1,10,2938),(3,11,1,10,2939),(3,10,1,10,2940),(3,9,1,10,2941),(3,8,1,10,2942),(3,7,1,10,2943),(3,6,1,10,2944),(3,5,1,10,2945),(3,4,1,10,2946),(3,3,1,10,2947),(3,2,1,10,2948),(3,1,1,10,2949),(2,27,1,10,2950),(2,26,1,10,2951),(2,25,1,10,2952),(2,24,1,10,2953),(2,23,1,10,2954),(2,22,1,10,2955),(2,21,1,10,2956),(2,20,1,10,2957),(2,19,1,10,2958),(2,18,1,10,2959),(2,17,1,10,2960),(2,16,1,10,2961),(2,15,1,10,2962),(2,14,1,10,2963),(2,13,1,10,2964),(2,12,1,10,2965),(2,11,1,10,2966),(2,10,1,10,2967),(2,9,1,10,2968),(2,8,1,10,2969),(2,7,1,10,2970),(2,6,1,10,2971),(2,5,1,10,2972),(2,4,1,10,2973),(2,3,1,10,2974),(2,2,1,10,2975),(2,1,1,10,2976),(1,27,1,10,2977),(1,26,1,10,2978),(1,25,1,10,2979),(1,24,1,10,2980),(1,23,1,10,2981),(1,22,1,10,2982),(1,21,1,10,2983),(1,20,1,10,2984),(1,19,1,10,2985),(1,18,1,10,2986),(1,17,1,10,2987),(1,16,1,10,2988),(1,15,1,10,2989),(1,14,1,10,2990),(1,13,1,10,2991),(1,12,1,10,2992),(1,11,1,10,2993),(1,10,1,10,2994),(1,9,1,10,2995),(1,8,1,10,2996),(1,7,1,10,2997),(1,6,1,10,2998),(1,5,1,10,2999),(1,4,1,10,3000),(1,3,1,10,3001),(1,2,1,10,3002),(1,1,1,10,3003),(12,20,2,10,3004),(12,19,2,10,3005),(12,18,2,10,3006),(12,17,2,10,3007),(12,16,2,10,3008),(12,15,2,10,3009),(12,14,2,10,3010),(12,13,2,10,3011),(12,12,2,10,3012),(12,11,2,10,3013),(12,10,2,10,3014),(12,9,2,10,3015),(12,8,2,10,3016),(12,7,2,10,3017),(12,6,2,10,3018),(12,5,2,10,3019),(12,4,2,10,3020),(12,3,2,10,3021),(12,2,2,10,3022),(12,1,2,10,3023),(11,20,2,10,3024),(11,19,2,10,3025),(11,18,2,10,3026),(11,17,2,10,3027),(11,16,2,10,3028),(11,15,2,10,3029),(11,14,2,10,3030),(11,13,2,10,3031),(11,12,2,10,3032),(11,11,2,10,3033),(11,10,2,10,3034),(11,9,2,10,3035),(11,8,2,10,3036),(11,7,2,10,3037),(11,6,2,10,3038),(11,5,2,10,3039),(11,4,2,10,3040),(11,3,2,10,3041),(11,2,2,10,3042),(11,1,2,10,3043),(10,20,2,10,3044),(10,19,2,10,3045),(10,18,2,10,3046),(10,17,2,10,3047),(10,16,2,10,3048),(10,15,2,10,3049),(10,14,2,10,3050),(10,13,2,10,3051),(10,12,2,10,3052),(10,11,2,10,3053),(10,10,2,10,3054),(10,9,2,10,3055),(10,8,2,10,3056),(10,7,2,10,3057),(10,6,2,10,3058),(10,5,2,10,3059),(10,4,2,10,3060),(10,3,2,10,3061),(10,2,2,10,3062),(10,1,2,10,3063),(9,20,2,10,3064),(9,19,2,10,3065),(9,18,2,10,3066),(9,17,2,10,3067),(9,16,2,10,3068),(9,15,2,10,3069),(9,14,2,10,3070),(9,13,2,10,3071),(9,12,2,10,3072),(9,11,2,10,3073),(9,10,2,10,3074),(9,9,2,10,3075),(9,8,2,10,3076),(9,7,2,10,3077),(9,6,2,10,3078),(9,5,2,10,3079),(9,4,2,10,3080),(9,3,2,10,3081),(9,2,2,10,3082),(9,1,2,10,3083),(8,20,2,10,3084),(8,19,2,10,3085),(8,18,2,10,3086),(8,17,2,10,3087),(8,16,2,10,3088),(8,15,2,10,3089),(8,14,2,10,3090),(8,13,2,10,3091),(8,12,2,10,3092),(8,11,2,10,3093),(8,10,2,10,3094),(8,9,2,10,3095),(8,8,2,10,3096),(8,7,2,10,3097),(8,6,2,10,3098),(8,5,2,10,3099),(8,4,2,10,3100),(8,3,2,10,3101),(8,2,2,10,3102),(8,1,2,10,3103),(7,20,2,10,3104),(7,19,2,10,3105),(7,18,2,10,3106),(7,17,2,10,3107),(7,16,2,10,3108),(7,15,2,10,3109),(7,14,2,10,3110),(7,13,2,10,3111),(7,12,2,10,3112),(7,11,2,10,3113),(7,10,2,10,3114),(7,9,2,10,3115),(7,8,2,10,3116),(7,7,2,10,3117),(7,6,2,10,3118),(7,5,2,10,3119),(7,4,2,10,3120),(7,3,2,10,3121),(7,2,2,10,3122),(7,1,2,10,3123),(6,20,2,10,3124),(6,19,2,10,3125),(6,18,2,10,3126),(6,17,2,10,3127),(6,16,2,10,3128),(6,15,2,10,3129),(6,14,2,10,3130),(6,13,2,10,3131),(6,12,2,10,3132),(6,11,2,10,3133),(6,10,2,10,3134),(6,9,2,10,3135),(6,8,2,10,3136),(6,7,2,10,3137),(6,6,2,10,3138),(6,5,2,10,3139),(6,4,2,10,3140),(6,3,2,10,3141),(6,2,2,10,3142),(6,1,2,10,3143),(5,20,2,10,3144),(5,19,2,10,3145),(5,18,2,10,3146),(5,17,2,10,3147),(5,16,2,10,3148),(5,15,2,10,3149),(5,14,2,10,3150),(5,13,2,10,3151),(5,12,2,10,3152),(5,11,2,10,3153),(5,10,2,10,3154),(5,9,2,10,3155),(5,8,2,10,3156),(5,7,2,10,3157),(5,6,2,10,3158),(5,5,2,10,3159),(5,4,2,10,3160),(5,3,2,10,3161),(5,2,2,10,3162),(5,1,2,10,3163),(4,20,2,10,3164),(4,19,2,10,3165),(4,18,2,10,3166),(4,17,2,10,3167),(4,16,2,10,3168),(4,15,2,10,3169),(4,14,2,10,3170),(4,13,2,10,3171),(4,12,2,10,3172),(4,11,2,10,3173),(4,10,2,10,3174),(4,9,2,10,3175),(4,8,2,10,3176),(4,7,2,10,3177),(4,6,2,10,3178),(4,5,2,10,3179),(4,4,2,10,3180),(4,3,2,10,3181),(4,2,2,10,3182),(4,1,2,10,3183),(3,20,2,10,3184),(3,19,2,10,3185),(3,18,2,10,3186),(3,17,2,10,3187),(3,16,2,10,3188),(3,15,2,10,3189),(3,14,2,10,3190),(3,13,2,10,3191),(3,12,2,10,3192),(3,11,2,10,3193),(3,10,2,10,3194),(3,9,2,10,3195),(3,8,2,10,3196),(3,7,2,10,3197),(3,6,2,10,3198),(3,5,2,10,3199),(3,4,2,10,3200),(3,3,2,10,3201),(3,2,2,10,3202),(3,1,2,10,3203),(2,20,2,10,3204),(2,19,2,10,3205),(2,18,2,10,3206),(2,17,2,10,3207),(2,16,2,10,3208),(2,15,2,10,3209),(2,14,2,10,3210),(2,13,2,10,3211),(2,12,2,10,3212),(2,11,2,10,3213),(2,10,2,10,3214),(2,9,2,10,3215),(2,8,2,10,3216),(2,7,2,10,3217),(2,6,2,10,3218),(2,5,2,10,3219),(2,4,2,10,3220),(2,3,2,10,3221),(2,2,2,10,3222),(2,1,2,10,3223),(1,20,2,10,3224),(1,19,2,10,3225),(1,18,2,10,3226),(1,17,2,10,3227),(1,16,2,10,3228),(1,15,2,10,3229),(1,14,2,10,3230),(1,13,2,10,3231),(1,12,2,10,3232),(1,11,2,10,3233),(1,10,2,10,3234),(1,9,2,10,3235),(1,8,2,10,3236),(1,7,2,10,3237),(1,6,2,10,3238),(1,5,2,10,3239),(1,4,2,10,3240),(1,3,2,10,3241),(1,2,2,10,3242),(1,1,2,10,3243),(10,15,3,10,3244),(10,14,3,10,3245),(10,13,3,10,3246),(10,12,3,10,3247),(10,11,3,10,3248),(10,10,3,10,3249),(10,9,3,10,3250),(10,8,3,10,3251),(10,7,3,10,3252),(10,6,3,10,3253),(10,5,3,10,3254),(10,4,3,10,3255),(10,3,3,10,3256),(10,2,3,10,3257),(10,1,3,10,3258),(9,15,3,10,3259),(9,14,3,10,3260),(9,13,3,10,3261),(9,12,3,10,3262),(9,11,3,10,3263),(9,10,3,10,3264),(9,9,3,10,3265),(9,8,3,10,3266),(9,7,3,10,3267),(9,6,3,10,3268),(9,5,3,10,3269),(9,4,3,10,3270),(9,3,3,10,3271),(9,2,3,10,3272),(9,1,3,10,3273),(8,15,3,10,3274),(8,14,3,10,3275),(8,13,3,10,3276),(8,12,3,10,3277),(8,11,3,10,3278),(8,10,3,10,3279),(8,9,3,10,3280),(8,8,3,10,3281),(8,7,3,10,3282),(8,6,3,10,3283),(8,5,3,10,3284),(8,4,3,10,3285),(8,3,3,10,3286),(8,2,3,10,3287),(8,1,3,10,3288),(7,15,3,10,3289),(7,14,3,10,3290),(7,13,3,10,3291),(7,12,3,10,3292),(7,11,3,10,3293),(7,10,3,10,3294),(7,9,3,10,3295),(7,8,3,10,3296),(7,7,3,10,3297),(7,6,3,10,3298),(7,5,3,10,3299),(7,4,3,10,3300),(7,3,3,10,3301),(7,2,3,10,3302),(7,1,3,10,3303),(6,15,3,10,3304),(6,14,3,10,3305),(6,13,3,10,3306),(6,12,3,10,3307),(6,11,3,10,3308),(6,10,3,10,3309),(6,9,3,10,3310),(6,8,3,10,3311),(6,7,3,10,3312),(6,6,3,10,3313),(6,5,3,10,3314),(6,4,3,10,3315),(6,3,3,10,3316),(6,2,3,10,3317),(6,1,3,10,3318),(5,15,3,10,3319),(5,14,3,10,3320),(5,13,3,10,3321),(5,12,3,10,3322),(5,11,3,10,3323),(5,10,3,10,3324),(5,9,3,10,3325),(5,8,3,10,3326),(5,7,3,10,3327),(5,6,3,10,3328),(5,5,3,10,3329),(5,4,3,10,3330),(5,3,3,10,3331),(5,2,3,10,3332),(5,1,3,10,3333),(4,15,3,10,3334),(4,14,3,10,3335),(4,13,3,10,3336),(4,12,3,10,3337),(4,11,3,10,3338),(4,10,3,10,3339),(4,9,3,10,3340),(4,8,3,10,3341),(4,7,3,10,3342),(4,6,3,10,3343),(4,5,3,10,3344),(4,4,3,10,3345),(4,3,3,10,3346),(4,2,3,10,3347),(4,1,3,10,3348),(3,15,3,10,3349),(3,14,3,10,3350),(3,13,3,10,3351),(3,12,3,10,3352),(3,11,3,10,3353),(3,10,3,10,3354),(3,9,3,10,3355),(3,8,3,10,3356),(3,7,3,10,3357),(3,6,3,10,3358),(3,5,3,10,3359),(3,4,3,10,3360),(3,3,3,10,3361),(3,2,3,10,3362),(3,1,3,10,3363),(2,15,3,10,3364),(2,14,3,10,3365),(2,13,3,10,3366),(2,12,3,10,3367),(2,11,3,10,3368),(2,10,3,10,3369),(2,9,3,10,3370),(2,8,3,10,3371),(2,7,3,10,3372),(2,6,3,10,3373),(2,5,3,10,3374),(2,4,3,10,3375),(2,3,3,10,3376),(2,2,3,10,3377),(2,1,3,10,3378),(1,15,3,10,3379),(1,14,3,10,3380),(1,13,3,10,3381),(1,12,3,10,3382),(1,11,3,10,3383),(1,10,3,10,3384),(1,9,3,10,3385),(1,8,3,10,3386),(1,7,3,10,3387),(1,6,3,10,3388),(1,5,3,10,3389),(1,4,3,10,3390),(1,3,3,10,3391),(1,2,3,10,3392),(1,1,3,10,3393),(8,12,4,10,3394),(8,11,4,10,3395),(8,10,4,10,3396),(8,9,4,10,3397),(8,8,4,10,3398),(8,7,4,10,3399),(8,6,4,10,3400),(8,5,4,10,3401),(8,4,4,10,3402),(8,3,4,10,3403),(8,2,4,10,3404),(8,1,4,10,3405),(7,12,4,10,3406),(7,11,4,10,3407),(7,10,4,10,3408),(7,9,4,10,3409),(7,8,4,10,3410),(7,7,4,10,3411),(7,6,4,10,3412),(7,5,4,10,3413),(7,4,4,10,3414),(7,3,4,10,3415),(7,2,4,10,3416),(7,1,4,10,3417),(6,12,4,10,3418),(6,11,4,10,3419),(6,10,4,10,3420),(6,9,4,10,3421),(6,8,4,10,3422),(6,7,4,10,3423),(6,6,4,10,3424),(6,5,4,10,3425),(6,4,4,10,3426),(6,3,4,10,3427),(6,2,4,10,3428),(6,1,4,10,3429),(5,12,4,10,3430),(5,11,4,10,3431),(5,10,4,10,3432),(5,9,4,10,3433),(5,8,4,10,3434),(5,7,4,10,3435),(5,6,4,10,3436),(5,5,4,10,3437),(5,4,4,10,3438),(5,3,4,10,3439),(5,2,4,10,3440),(5,1,4,10,3441),(4,12,4,10,3442),(4,11,4,10,3443),(4,10,4,10,3444),(4,9,4,10,3445),(4,8,4,10,3446),(4,7,4,10,3447),(4,6,4,10,3448),(4,5,4,10,3449),(4,4,4,10,3450),(4,3,4,10,3451),(4,2,4,10,3452),(4,1,4,10,3453),(3,12,4,10,3454),(3,11,4,10,3455),(3,10,4,10,3456),(3,9,4,10,3457),(3,8,4,10,3458),(3,7,4,10,3459),(3,6,4,10,3460),(3,5,4,10,3461),(3,4,4,10,3462),(3,3,4,10,3463),(3,2,4,10,3464),(3,1,4,10,3465),(2,12,4,10,3466),(2,11,4,10,3467),(2,10,4,10,3468),(2,9,4,10,3469),(2,8,4,10,3470),(2,7,4,10,3471),(2,6,4,10,3472),(2,5,4,10,3473),(2,4,4,10,3474),(2,3,4,10,3475),(2,2,4,10,3476),(2,1,4,10,3477),(1,12,4,10,3478),(1,11,4,10,3479),(1,10,4,10,3480),(1,9,4,10,3481),(1,8,4,10,3482),(1,7,4,10,3483),(1,6,4,10,3484),(1,5,4,10,3485),(1,4,4,10,3486),(1,3,4,10,3487),(1,2,4,10,3488),(1,1,4,10,3489),(10,15,1,9,3490),(10,14,1,9,3491),(10,13,1,9,3492),(10,12,1,9,3493),(10,11,1,9,3494),(10,10,1,9,3495),(10,9,1,9,3496),(10,8,1,9,3497),(10,7,1,9,3498),(10,6,1,9,3499),(10,5,1,9,3500),(10,4,1,9,3501),(10,3,1,9,3502),(10,2,1,9,3503),(10,1,1,9,3504),(9,15,1,9,3505),(9,14,1,9,3506),(9,13,1,9,3507),(9,12,1,9,3508),(9,11,1,9,3509),(9,10,1,9,3510),(9,9,1,9,3511),(9,8,1,9,3512),(9,7,1,9,3513),(9,6,1,9,3514),(9,5,1,9,3515),(9,4,1,9,3516),(9,3,1,9,3517),(9,2,1,9,3518),(9,1,1,9,3519),(8,15,1,9,3520),(8,14,1,9,3521),(8,13,1,9,3522),(8,12,1,9,3523),(8,11,1,9,3524),(8,10,1,9,3525),(8,9,1,9,3526),(8,8,1,9,3527),(8,7,1,9,3528),(8,6,1,9,3529),(8,5,1,9,3530),(8,4,1,9,3531),(8,3,1,9,3532),(8,2,1,9,3533),(8,1,1,9,3534),(7,15,1,9,3535),(7,14,1,9,3536),(7,13,1,9,3537),(7,12,1,9,3538),(7,11,1,9,3539),(7,10,1,9,3540),(7,9,1,9,3541),(7,8,1,9,3542),(7,7,1,9,3543),(7,6,1,9,3544),(7,5,1,9,3545),(7,4,1,9,3546),(7,3,1,9,3547),(7,2,1,9,3548),(7,1,1,9,3549),(6,15,1,9,3550),(6,14,1,9,3551),(6,13,1,9,3552),(6,12,1,9,3553),(6,11,1,9,3554),(6,10,1,9,3555),(6,9,1,9,3556),(6,8,1,9,3557),(6,7,1,9,3558),(6,6,1,9,3559),(6,5,1,9,3560),(6,4,1,9,3561),(6,3,1,9,3562),(6,2,1,9,3563),(6,1,1,9,3564),(5,15,1,9,3565),(5,14,1,9,3566),(5,13,1,9,3567),(5,12,1,9,3568),(5,11,1,9,3569),(5,10,1,9,3570),(5,9,1,9,3571),(5,8,1,9,3572),(5,7,1,9,3573),(5,6,1,9,3574),(5,5,1,9,3575),(5,4,1,9,3576),(5,3,1,9,3577),(5,2,1,9,3578),(5,1,1,9,3579),(4,15,1,9,3580),(4,14,1,9,3581),(4,13,1,9,3582),(4,12,1,9,3583),(4,11,1,9,3584),(4,10,1,9,3585),(4,9,1,9,3586),(4,8,1,9,3587),(4,7,1,9,3588),(4,6,1,9,3589),(4,5,1,9,3590),(4,4,1,9,3591),(4,3,1,9,3592),(4,2,1,9,3593),(4,1,1,9,3594),(3,15,1,9,3595),(3,14,1,9,3596),(3,13,1,9,3597),(3,12,1,9,3598),(3,11,1,9,3599),(3,10,1,9,3600),(3,9,1,9,3601),(3,8,1,9,3602),(3,7,1,9,3603),(3,6,1,9,3604),(3,5,1,9,3605),(3,4,1,9,3606),(3,3,1,9,3607),(3,2,1,9,3608),(3,1,1,9,3609),(2,15,1,9,3610),(2,14,1,9,3611),(2,13,1,9,3612),(2,12,1,9,3613),(2,11,1,9,3614),(2,10,1,9,3615),(2,9,1,9,3616),(2,8,1,9,3617),(2,7,1,9,3618),(2,6,1,9,3619),(2,5,1,9,3620),(2,4,1,9,3621),(2,3,1,9,3622),(2,2,1,9,3623),(2,1,1,9,3624),(1,15,1,9,3625),(1,14,1,9,3626),(1,13,1,9,3627),(1,12,1,9,3628),(1,11,1,9,3629),(1,10,1,9,3630),(1,9,1,9,3631),(1,8,1,9,3632),(1,7,1,9,3633),(1,6,1,9,3634),(1,5,1,9,3635),(1,4,1,9,3636),(1,3,1,9,3637),(1,2,1,9,3638),(1,1,1,9,3639),(17,27,2,9,3640),(17,26,2,9,3641),(17,25,2,9,3642),(17,24,2,9,3643),(17,23,2,9,3644),(17,22,2,9,3645),(17,21,2,9,3646),(17,20,2,9,3647),(17,19,2,9,3648),(17,18,2,9,3649),(17,17,2,9,3650),(17,16,2,9,3651),(17,15,2,9,3652),(17,14,2,9,3653),(17,13,2,9,3654),(17,12,2,9,3655),(17,11,2,9,3656),(17,10,2,9,3657),(17,9,2,9,3658),(17,8,2,9,3659),(17,7,2,9,3660),(17,6,2,9,3661),(17,5,2,9,3662),(17,4,2,9,3663),(17,3,2,9,3664),(17,2,2,9,3665),(17,1,2,9,3666),(16,27,2,9,3667),(16,26,2,9,3668),(16,25,2,9,3669),(16,24,2,9,3670),(16,23,2,9,3671),(16,22,2,9,3672),(16,21,2,9,3673),(16,20,2,9,3674),(16,19,2,9,3675),(16,18,2,9,3676),(16,17,2,9,3677),(16,16,2,9,3678),(16,15,2,9,3679),(16,14,2,9,3680),(16,13,2,9,3681),(16,12,2,9,3682),(16,11,2,9,3683),(16,10,2,9,3684),(16,9,2,9,3685),(16,8,2,9,3686),(16,7,2,9,3687),(16,6,2,9,3688),(16,5,2,9,3689),(16,4,2,9,3690),(16,3,2,9,3691),(16,2,2,9,3692),(16,1,2,9,3693),(15,27,2,9,3694),(15,26,2,9,3695),(15,25,2,9,3696),(15,24,2,9,3697),(15,23,2,9,3698),(15,22,2,9,3699),(15,21,2,9,3700),(15,20,2,9,3701),(15,19,2,9,3702),(15,18,2,9,3703),(15,17,2,9,3704),(15,16,2,9,3705),(15,15,2,9,3706),(15,14,2,9,3707),(15,13,2,9,3708),(15,12,2,9,3709),(15,11,2,9,3710),(15,10,2,9,3711),(15,9,2,9,3712),(15,8,2,9,3713),(15,7,2,9,3714),(15,6,2,9,3715),(15,5,2,9,3716),(15,4,2,9,3717),(15,3,2,9,3718),(15,2,2,9,3719),(15,1,2,9,3720),(14,27,2,9,3721),(14,26,2,9,3722),(14,25,2,9,3723),(14,24,2,9,3724),(14,23,2,9,3725),(14,22,2,9,3726),(14,21,2,9,3727),(14,20,2,9,3728),(14,19,2,9,3729),(14,18,2,9,3730),(14,17,2,9,3731),(14,16,2,9,3732),(14,15,2,9,3733),(14,14,2,9,3734),(14,13,2,9,3735),(14,12,2,9,3736),(14,11,2,9,3737),(14,10,2,9,3738),(14,9,2,9,3739),(14,8,2,9,3740),(14,7,2,9,3741),(14,6,2,9,3742),(14,5,2,9,3743),(14,4,2,9,3744),(14,3,2,9,3745),(14,2,2,9,3746),(14,1,2,9,3747),(13,27,2,9,3748),(13,26,2,9,3749),(13,25,2,9,3750),(13,24,2,9,3751),(13,23,2,9,3752),(13,22,2,9,3753),(13,21,2,9,3754),(13,20,2,9,3755),(13,19,2,9,3756),(13,18,2,9,3757),(13,17,2,9,3758),(13,16,2,9,3759),(13,15,2,9,3760),(13,14,2,9,3761),(13,13,2,9,3762),(13,12,2,9,3763),(13,11,2,9,3764),(13,10,2,9,3765),(13,9,2,9,3766),(13,8,2,9,3767),(13,7,2,9,3768),(13,6,2,9,3769),(13,5,2,9,3770),(13,4,2,9,3771),(13,3,2,9,3772),(13,2,2,9,3773),(13,1,2,9,3774),(12,27,2,9,3775),(12,26,2,9,3776),(12,25,2,9,3777),(12,24,2,9,3778),(12,23,2,9,3779),(12,22,2,9,3780),(12,21,2,9,3781),(12,20,2,9,3782),(12,19,2,9,3783),(12,18,2,9,3784),(12,17,2,9,3785),(12,16,2,9,3786),(12,15,2,9,3787),(12,14,2,9,3788),(12,13,2,9,3789),(12,12,2,9,3790),(12,11,2,9,3791),(12,10,2,9,3792),(12,9,2,9,3793),(12,8,2,9,3794),(12,7,2,9,3795),(12,6,2,9,3796),(12,5,2,9,3797),(12,4,2,9,3798),(12,3,2,9,3799),(12,2,2,9,3800),(12,1,2,9,3801),(11,27,2,9,3802),(11,26,2,9,3803),(11,25,2,9,3804),(11,24,2,9,3805),(11,23,2,9,3806),(11,22,2,9,3807),(11,21,2,9,3808),(11,20,2,9,3809),(11,19,2,9,3810),(11,18,2,9,3811),(11,17,2,9,3812),(11,16,2,9,3813),(11,15,2,9,3814),(11,14,2,9,3815),(11,13,2,9,3816),(11,12,2,9,3817),(11,11,2,9,3818),(11,10,2,9,3819),(11,9,2,9,3820),(11,8,2,9,3821),(11,7,2,9,3822),(11,6,2,9,3823),(11,5,2,9,3824),(11,4,2,9,3825),(11,3,2,9,3826),(11,2,2,9,3827),(11,1,2,9,3828),(10,27,2,9,3829),(10,26,2,9,3830),(10,25,2,9,3831),(10,24,2,9,3832),(10,23,2,9,3833),(10,22,2,9,3834),(10,21,2,9,3835),(10,20,2,9,3836),(10,19,2,9,3837),(10,18,2,9,3838),(10,17,2,9,3839),(10,16,2,9,3840),(10,15,2,9,3841),(10,14,2,9,3842),(10,13,2,9,3843),(10,12,2,9,3844),(10,11,2,9,3845),(10,10,2,9,3846),(10,9,2,9,3847),(10,8,2,9,3848),(10,7,2,9,3849),(10,6,2,9,3850),(10,5,2,9,3851),(10,4,2,9,3852),(10,3,2,9,3853),(10,2,2,9,3854),(10,1,2,9,3855),(9,27,2,9,3856),(9,26,2,9,3857),(9,25,2,9,3858),(9,24,2,9,3859),(9,23,2,9,3860),(9,22,2,9,3861),(9,21,2,9,3862),(9,20,2,9,3863),(9,19,2,9,3864),(9,18,2,9,3865),(9,17,2,9,3866),(9,16,2,9,3867),(9,15,2,9,3868),(9,14,2,9,3869),(9,13,2,9,3870),(9,12,2,9,3871),(9,11,2,9,3872),(9,10,2,9,3873),(9,9,2,9,3874),(9,8,2,9,3875),(9,7,2,9,3876),(9,6,2,9,3877),(9,5,2,9,3878),(9,4,2,9,3879),(9,3,2,9,3880),(9,2,2,9,3881),(9,1,2,9,3882),(8,27,2,9,3883),(8,26,2,9,3884),(8,25,2,9,3885),(8,24,2,9,3886),(8,23,2,9,3887),(8,22,2,9,3888),(8,21,2,9,3889),(8,20,2,9,3890),(8,19,2,9,3891),(8,18,2,9,3892),(8,17,2,9,3893),(8,16,2,9,3894),(8,15,2,9,3895),(8,14,2,9,3896),(8,13,2,9,3897),(8,12,2,9,3898),(8,11,2,9,3899),(8,10,2,9,3900),(8,9,2,9,3901),(8,8,2,9,3902),(8,7,2,9,3903),(8,6,2,9,3904),(8,5,2,9,3905),(8,4,2,9,3906),(8,3,2,9,3907),(8,2,2,9,3908),(8,1,2,9,3909),(7,27,2,9,3910),(7,26,2,9,3911),(7,25,2,9,3912),(7,24,2,9,3913),(7,23,2,9,3914),(7,22,2,9,3915),(7,21,2,9,3916),(7,20,2,9,3917),(7,19,2,9,3918),(7,18,2,9,3919),(7,17,2,9,3920),(7,16,2,9,3921),(7,15,2,9,3922),(7,14,2,9,3923),(7,13,2,9,3924),(7,12,2,9,3925),(7,11,2,9,3926),(7,10,2,9,3927),(7,9,2,9,3928),(7,8,2,9,3929),(7,7,2,9,3930),(7,6,2,9,3931),(7,5,2,9,3932),(7,4,2,9,3933),(7,3,2,9,3934),(7,2,2,9,3935),(7,1,2,9,3936),(6,27,2,9,3937),(6,26,2,9,3938),(6,25,2,9,3939),(6,24,2,9,3940),(6,23,2,9,3941),(6,22,2,9,3942),(6,21,2,9,3943),(6,20,2,9,3944),(6,19,2,9,3945),(6,18,2,9,3946),(6,17,2,9,3947),(6,16,2,9,3948),(6,15,2,9,3949),(6,14,2,9,3950),(6,13,2,9,3951),(6,12,2,9,3952),(6,11,2,9,3953),(6,10,2,9,3954),(6,9,2,9,3955),(6,8,2,9,3956),(6,7,2,9,3957),(6,6,2,9,3958),(6,5,2,9,3959),(6,4,2,9,3960),(6,3,2,9,3961),(6,2,2,9,3962),(6,1,2,9,3963),(5,27,2,9,3964),(5,26,2,9,3965),(5,25,2,9,3966),(5,24,2,9,3967),(5,23,2,9,3968),(5,22,2,9,3969),(5,21,2,9,3970),(5,20,2,9,3971),(5,19,2,9,3972),(5,18,2,9,3973),(5,17,2,9,3974),(5,16,2,9,3975),(5,15,2,9,3976),(5,14,2,9,3977),(5,13,2,9,3978),(5,12,2,9,3979),(5,11,2,9,3980),(5,10,2,9,3981),(5,9,2,9,3982),(5,8,2,9,3983),(5,7,2,9,3984),(5,6,2,9,3985),(5,5,2,9,3986),(5,4,2,9,3987),(5,3,2,9,3988),(5,2,2,9,3989),(5,1,2,9,3990),(4,27,2,9,3991),(4,26,2,9,3992),(4,25,2,9,3993),(4,24,2,9,3994),(4,23,2,9,3995),(4,22,2,9,3996),(4,21,2,9,3997),(4,20,2,9,3998),(4,19,2,9,3999),(4,18,2,9,4000),(4,17,2,9,4001),(4,16,2,9,4002),(4,15,2,9,4003),(4,14,2,9,4004),(4,13,2,9,4005),(4,12,2,9,4006),(4,11,2,9,4007),(4,10,2,9,4008),(4,9,2,9,4009),(4,8,2,9,4010),(4,7,2,9,4011),(4,6,2,9,4012),(4,5,2,9,4013),(4,4,2,9,4014),(4,3,2,9,4015),(4,2,2,9,4016),(4,1,2,9,4017),(3,27,2,9,4018),(3,26,2,9,4019),(3,25,2,9,4020),(3,24,2,9,4021),(3,23,2,9,4022),(3,22,2,9,4023),(3,21,2,9,4024),(3,20,2,9,4025),(3,19,2,9,4026),(3,18,2,9,4027),(3,17,2,9,4028),(3,16,2,9,4029),(3,15,2,9,4030),(3,14,2,9,4031),(3,13,2,9,4032),(3,12,2,9,4033),(3,11,2,9,4034),(3,10,2,9,4035),(3,9,2,9,4036),(3,8,2,9,4037),(3,7,2,9,4038),(3,6,2,9,4039),(3,5,2,9,4040),(3,4,2,9,4041),(3,3,2,9,4042),(3,2,2,9,4043),(3,1,2,9,4044),(2,27,2,9,4045),(2,26,2,9,4046),(2,25,2,9,4047),(2,24,2,9,4048),(2,23,2,9,4049),(2,22,2,9,4050),(2,21,2,9,4051),(2,20,2,9,4052),(2,19,2,9,4053),(2,18,2,9,4054),(2,17,2,9,4055),(2,16,2,9,4056),(2,15,2,9,4057),(2,14,2,9,4058),(2,13,2,9,4059),(2,12,2,9,4060),(2,11,2,9,4061),(2,10,2,9,4062),(2,9,2,9,4063),(2,8,2,9,4064),(2,7,2,9,4065),(2,6,2,9,4066),(2,5,2,9,4067),(2,4,2,9,4068),(2,3,2,9,4069),(2,2,2,9,4070),(2,1,2,9,4071),(1,27,2,9,4072),(1,26,2,9,4073),(1,25,2,9,4074),(1,24,2,9,4075),(1,23,2,9,4076),(1,22,2,9,4077),(1,21,2,9,4078),(1,20,2,9,4079),(1,19,2,9,4080),(1,18,2,9,4081),(1,17,2,9,4082),(1,16,2,9,4083),(1,15,2,9,4084),(1,14,2,9,4085),(1,13,2,9,4086),(1,12,2,9,4087),(1,11,2,9,4088),(1,10,2,9,4089),(1,9,2,9,4090),(1,8,2,9,4091),(1,7,2,9,4092),(1,6,2,9,4093),(1,5,2,9,4094),(1,4,2,9,4095),(1,3,2,9,4096),(1,2,2,9,4097),(1,1,2,9,4098),(12,20,3,9,4099),(12,19,3,9,4100),(12,18,3,9,4101),(12,17,3,9,4102),(12,16,3,9,4103),(12,15,3,9,4104),(12,14,3,9,4105),(12,13,3,9,4106),(12,12,3,9,4107),(12,11,3,9,4108),(12,10,3,9,4109),(12,9,3,9,4110),(12,8,3,9,4111),(12,7,3,9,4112),(12,6,3,9,4113),(12,5,3,9,4114),(12,4,3,9,4115),(12,3,3,9,4116),(12,2,3,9,4117),(12,1,3,9,4118),(11,20,3,9,4119),(11,19,3,9,4120),(11,18,3,9,4121),(11,17,3,9,4122),(11,16,3,9,4123),(11,15,3,9,4124),(11,14,3,9,4125),(11,13,3,9,4126),(11,12,3,9,4127),(11,11,3,9,4128),(11,10,3,9,4129),(11,9,3,9,4130),(11,8,3,9,4131),(11,7,3,9,4132),(11,6,3,9,4133),(11,5,3,9,4134),(11,4,3,9,4135),(11,3,3,9,4136),(11,2,3,9,4137),(11,1,3,9,4138),(10,20,3,9,4139),(10,19,3,9,4140),(10,18,3,9,4141),(10,17,3,9,4142),(10,16,3,9,4143),(10,15,3,9,4144),(10,14,3,9,4145),(10,13,3,9,4146),(10,12,3,9,4147),(10,11,3,9,4148),(10,10,3,9,4149),(10,9,3,9,4150),(10,8,3,9,4151),(10,7,3,9,4152),(10,6,3,9,4153),(10,5,3,9,4154),(10,4,3,9,4155),(10,3,3,9,4156),(10,2,3,9,4157),(10,1,3,9,4158),(9,20,3,9,4159),(9,19,3,9,4160),(9,18,3,9,4161),(9,17,3,9,4162),(9,16,3,9,4163),(9,15,3,9,4164),(9,14,3,9,4165),(9,13,3,9,4166),(9,12,3,9,4167),(9,11,3,9,4168),(9,10,3,9,4169),(9,9,3,9,4170),(9,8,3,9,4171),(9,7,3,9,4172),(9,6,3,9,4173),(9,5,3,9,4174),(9,4,3,9,4175),(9,3,3,9,4176),(9,2,3,9,4177),(9,1,3,9,4178),(8,20,3,9,4179),(8,19,3,9,4180),(8,18,3,9,4181),(8,17,3,9,4182),(8,16,3,9,4183),(8,15,3,9,4184),(8,14,3,9,4185),(8,13,3,9,4186),(8,12,3,9,4187),(8,11,3,9,4188),(8,10,3,9,4189),(8,9,3,9,4190),(8,8,3,9,4191),(8,7,3,9,4192),(8,6,3,9,4193),(8,5,3,9,4194),(8,4,3,9,4195),(8,3,3,9,4196),(8,2,3,9,4197),(8,1,3,9,4198),(7,20,3,9,4199),(7,19,3,9,4200),(7,18,3,9,4201),(7,17,3,9,4202),(7,16,3,9,4203),(7,15,3,9,4204),(7,14,3,9,4205),(7,13,3,9,4206),(7,12,3,9,4207),(7,11,3,9,4208),(7,10,3,9,4209),(7,9,3,9,4210),(7,8,3,9,4211),(7,7,3,9,4212),(7,6,3,9,4213),(7,5,3,9,4214),(7,4,3,9,4215),(7,3,3,9,4216),(7,2,3,9,4217),(7,1,3,9,4218),(6,20,3,9,4219),(6,19,3,9,4220),(6,18,3,9,4221),(6,17,3,9,4222),(6,16,3,9,4223),(6,15,3,9,4224),(6,14,3,9,4225),(6,13,3,9,4226),(6,12,3,9,4227),(6,11,3,9,4228),(6,10,3,9,4229),(6,9,3,9,4230),(6,8,3,9,4231),(6,7,3,9,4232),(6,6,3,9,4233),(6,5,3,9,4234),(6,4,3,9,4235),(6,3,3,9,4236),(6,2,3,9,4237),(6,1,3,9,4238),(5,20,3,9,4239),(5,19,3,9,4240),(5,18,3,9,4241),(5,17,3,9,4242),(5,16,3,9,4243),(5,15,3,9,4244),(5,14,3,9,4245),(5,13,3,9,4246),(5,12,3,9,4247),(5,11,3,9,4248),(5,10,3,9,4249),(5,9,3,9,4250),(5,8,3,9,4251),(5,7,3,9,4252),(5,6,3,9,4253),(5,5,3,9,4254),(5,4,3,9,4255),(5,3,3,9,4256),(5,2,3,9,4257),(5,1,3,9,4258),(4,20,3,9,4259),(4,19,3,9,4260),(4,18,3,9,4261),(4,17,3,9,4262),(4,16,3,9,4263),(4,15,3,9,4264),(4,14,3,9,4265),(4,13,3,9,4266),(4,12,3,9,4267),(4,11,3,9,4268),(4,10,3,9,4269),(4,9,3,9,4270),(4,8,3,9,4271),(4,7,3,9,4272),(4,6,3,9,4273),(4,5,3,9,4274),(4,4,3,9,4275),(4,3,3,9,4276),(4,2,3,9,4277),(4,1,3,9,4278),(3,20,3,9,4279),(3,19,3,9,4280),(3,18,3,9,4281),(3,17,3,9,4282),(3,16,3,9,4283),(3,15,3,9,4284),(3,14,3,9,4285),(3,13,3,9,4286),(3,12,3,9,4287),(3,11,3,9,4288),(3,10,3,9,4289),(3,9,3,9,4290),(3,8,3,9,4291),(3,7,3,9,4292),(3,6,3,9,4293),(3,5,3,9,4294),(3,4,3,9,4295),(3,3,3,9,4296),(3,2,3,9,4297),(3,1,3,9,4298),(2,20,3,9,4299),(2,19,3,9,4300),(2,18,3,9,4301),(2,17,3,9,4302),(2,16,3,9,4303),(2,15,3,9,4304),(2,14,3,9,4305),(2,13,3,9,4306),(2,12,3,9,4307),(2,11,3,9,4308),(2,10,3,9,4309),(2,9,3,9,4310),(2,8,3,9,4311),(2,7,3,9,4312),(2,6,3,9,4313),(2,5,3,9,4314),(2,4,3,9,4315),(2,3,3,9,4316),(2,2,3,9,4317),(2,1,3,9,4318),(1,20,3,9,4319),(1,19,3,9,4320),(1,18,3,9,4321),(1,17,3,9,4322),(1,16,3,9,4323),(1,15,3,9,4324),(1,14,3,9,4325),(1,13,3,9,4326),(1,12,3,9,4327),(1,11,3,9,4328),(1,10,3,9,4329),(1,9,3,9,4330),(1,8,3,9,4331),(1,7,3,9,4332),(1,6,3,9,4333),(1,5,3,9,4334),(1,4,3,9,4335),(1,3,3,9,4336),(1,2,3,9,4337),(1,1,3,9,4338),(8,12,4,9,4339),(8,11,4,9,4340),(8,10,4,9,4341),(8,9,4,9,4342),(8,8,4,9,4343),(8,7,4,9,4344),(8,6,4,9,4345),(8,5,4,9,4346),(8,4,4,9,4347),(8,3,4,9,4348),(8,2,4,9,4349),(8,1,4,9,4350),(7,12,4,9,4351),(7,11,4,9,4352),(7,10,4,9,4353),(7,9,4,9,4354),(7,8,4,9,4355),(7,7,4,9,4356),(7,6,4,9,4357),(7,5,4,9,4358),(7,4,4,9,4359),(7,3,4,9,4360),(7,2,4,9,4361),(7,1,4,9,4362),(6,12,4,9,4363),(6,11,4,9,4364),(6,10,4,9,4365),(6,9,4,9,4366),(6,8,4,9,4367),(6,7,4,9,4368),(6,6,4,9,4369),(6,5,4,9,4370),(6,4,4,9,4371),(6,3,4,9,4372),(6,2,4,9,4373),(6,1,4,9,4374),(5,12,4,9,4375),(5,11,4,9,4376),(5,10,4,9,4377),(5,9,4,9,4378),(5,8,4,9,4379),(5,7,4,9,4380),(5,6,4,9,4381),(5,5,4,9,4382),(5,4,4,9,4383),(5,3,4,9,4384),(5,2,4,9,4385),(5,1,4,9,4386),(4,12,4,9,4387),(4,11,4,9,4388),(4,10,4,9,4389),(4,9,4,9,4390),(4,8,4,9,4391),(4,7,4,9,4392),(4,6,4,9,4393),(4,5,4,9,4394),(4,4,4,9,4395),(4,3,4,9,4396),(4,2,4,9,4397),(4,1,4,9,4398),(3,12,4,9,4399),(3,11,4,9,4400),(3,10,4,9,4401),(3,9,4,9,4402),(3,8,4,9,4403),(3,7,4,9,4404),(3,6,4,9,4405),(3,5,4,9,4406),(3,4,4,9,4407),(3,3,4,9,4408),(3,2,4,9,4409),(3,1,4,9,4410),(2,12,4,9,4411),(2,11,4,9,4412),(2,10,4,9,4413),(2,9,4,9,4414),(2,8,4,9,4415),(2,7,4,9,4416),(2,6,4,9,4417),(2,5,4,9,4418),(2,4,4,9,4419),(2,3,4,9,4420),(2,2,4,9,4421),(2,1,4,9,4422),(1,12,4,9,4423),(1,11,4,9,4424),(1,10,4,9,4425),(1,9,4,9,4426),(1,8,4,9,4427),(1,7,4,9,4428),(1,6,4,9,4429),(1,5,4,9,4430),(1,4,4,9,4431),(1,3,4,9,4432),(1,2,4,9,4433),(1,1,4,9,4434),(10,15,1,11,4435),(10,14,1,11,4436),(10,13,1,11,4437),(10,12,1,11,4438),(10,11,1,11,4439),(10,10,1,11,4440),(10,9,1,11,4441),(10,8,1,11,4442),(10,7,1,11,4443),(10,6,1,11,4444),(10,5,1,11,4445),(10,4,1,11,4446),(10,3,1,11,4447),(10,2,1,11,4448),(10,1,1,11,4449),(9,15,1,11,4450),(9,14,1,11,4451),(9,13,1,11,4452),(9,12,1,11,4453),(9,11,1,11,4454),(9,10,1,11,4455),(9,9,1,11,4456),(9,8,1,11,4457),(9,7,1,11,4458),(9,6,1,11,4459),(9,5,1,11,4460),(9,4,1,11,4461),(9,3,1,11,4462),(9,2,1,11,4463),(9,1,1,11,4464),(8,15,1,11,4465),(8,14,1,11,4466),(8,13,1,11,4467),(8,12,1,11,4468),(8,11,1,11,4469),(8,10,1,11,4470),(8,9,1,11,4471),(8,8,1,11,4472),(8,7,1,11,4473),(8,6,1,11,4474),(8,5,1,11,4475),(8,4,1,11,4476),(8,3,1,11,4477),(8,2,1,11,4478),(8,1,1,11,4479),(7,15,1,11,4480),(7,14,1,11,4481),(7,13,1,11,4482),(7,12,1,11,4483),(7,11,1,11,4484),(7,10,1,11,4485),(7,9,1,11,4486),(7,8,1,11,4487),(7,7,1,11,4488),(7,6,1,11,4489),(7,5,1,11,4490),(7,4,1,11,4491),(7,3,1,11,4492),(7,2,1,11,4493),(7,1,1,11,4494),(6,15,1,11,4495),(6,14,1,11,4496),(6,13,1,11,4497),(6,12,1,11,4498),(6,11,1,11,4499),(6,10,1,11,4500),(6,9,1,11,4501),(6,8,1,11,4502),(6,7,1,11,4503),(6,6,1,11,4504),(6,5,1,11,4505),(6,4,1,11,4506),(6,3,1,11,4507),(6,2,1,11,4508),(6,1,1,11,4509),(5,15,1,11,4510),(5,14,1,11,4511),(5,13,1,11,4512),(5,12,1,11,4513),(5,11,1,11,4514),(5,10,1,11,4515),(5,9,1,11,4516),(5,8,1,11,4517),(5,7,1,11,4518),(5,6,1,11,4519),(5,5,1,11,4520),(5,4,1,11,4521),(5,3,1,11,4522),(5,2,1,11,4523),(5,1,1,11,4524),(4,15,1,11,4525),(4,14,1,11,4526),(4,13,1,11,4527),(4,12,1,11,4528),(4,11,1,11,4529),(4,10,1,11,4530),(4,9,1,11,4531),(4,8,1,11,4532),(4,7,1,11,4533),(4,6,1,11,4534),(4,5,1,11,4535),(4,4,1,11,4536),(4,3,1,11,4537),(4,2,1,11,4538),(4,1,1,11,4539),(3,15,1,11,4540),(3,14,1,11,4541),(3,13,1,11,4542),(3,12,1,11,4543),(3,11,1,11,4544),(3,10,1,11,4545),(3,9,1,11,4546),(3,8,1,11,4547),(3,7,1,11,4548),(3,6,1,11,4549),(3,5,1,11,4550),(3,4,1,11,4551),(3,3,1,11,4552),(3,2,1,11,4553),(3,1,1,11,4554),(2,15,1,11,4555),(2,14,1,11,4556),(2,13,1,11,4557),(2,12,1,11,4558),(2,11,1,11,4559),(2,10,1,11,4560),(2,9,1,11,4561),(2,8,1,11,4562),(2,7,1,11,4563),(2,6,1,11,4564),(2,5,1,11,4565),(2,4,1,11,4566),(2,3,1,11,4567),(2,2,1,11,4568),(2,1,1,11,4569),(1,15,1,11,4570),(1,14,1,11,4571),(1,13,1,11,4572),(1,12,1,11,4573),(1,11,1,11,4574),(1,10,1,11,4575),(1,9,1,11,4576),(1,8,1,11,4577),(1,7,1,11,4578),(1,6,1,11,4579),(1,5,1,11,4580),(1,4,1,11,4581),(1,3,1,11,4582),(1,2,1,11,4583),(1,1,1,11,4584),(17,27,2,11,4585),(17,26,2,11,4586),(17,25,2,11,4587),(17,24,2,11,4588),(17,23,2,11,4589),(17,22,2,11,4590),(17,21,2,11,4591),(17,20,2,11,4592),(17,19,2,11,4593),(17,18,2,11,4594),(17,17,2,11,4595),(17,16,2,11,4596),(17,15,2,11,4597),(17,14,2,11,4598),(17,13,2,11,4599),(17,12,2,11,4600),(17,11,2,11,4601),(17,10,2,11,4602),(17,9,2,11,4603),(17,8,2,11,4604),(17,7,2,11,4605),(17,6,2,11,4606),(17,5,2,11,4607),(17,4,2,11,4608),(17,3,2,11,4609),(17,2,2,11,4610),(17,1,2,11,4611),(16,27,2,11,4612),(16,26,2,11,4613),(16,25,2,11,4614),(16,24,2,11,4615),(16,23,2,11,4616),(16,22,2,11,4617),(16,21,2,11,4618),(16,20,2,11,4619),(16,19,2,11,4620),(16,18,2,11,4621),(16,17,2,11,4622),(16,16,2,11,4623),(16,15,2,11,4624),(16,14,2,11,4625),(16,13,2,11,4626),(16,12,2,11,4627),(16,11,2,11,4628),(16,10,2,11,4629),(16,9,2,11,4630),(16,8,2,11,4631),(16,7,2,11,4632),(16,6,2,11,4633),(16,5,2,11,4634),(16,4,2,11,4635),(16,3,2,11,4636),(16,2,2,11,4637),(16,1,2,11,4638),(15,27,2,11,4639),(15,26,2,11,4640),(15,25,2,11,4641),(15,24,2,11,4642),(15,23,2,11,4643),(15,22,2,11,4644),(15,21,2,11,4645),(15,20,2,11,4646),(15,19,2,11,4647),(15,18,2,11,4648),(15,17,2,11,4649),(15,16,2,11,4650),(15,15,2,11,4651),(15,14,2,11,4652),(15,13,2,11,4653),(15,12,2,11,4654),(15,11,2,11,4655),(15,10,2,11,4656),(15,9,2,11,4657),(15,8,2,11,4658),(15,7,2,11,4659),(15,6,2,11,4660),(15,5,2,11,4661),(15,4,2,11,4662),(15,3,2,11,4663),(15,2,2,11,4664),(15,1,2,11,4665),(14,27,2,11,4666),(14,26,2,11,4667),(14,25,2,11,4668),(14,24,2,11,4669),(14,23,2,11,4670),(14,22,2,11,4671),(14,21,2,11,4672),(14,20,2,11,4673),(14,19,2,11,4674),(14,18,2,11,4675),(14,17,2,11,4676),(14,16,2,11,4677),(14,15,2,11,4678),(14,14,2,11,4679),(14,13,2,11,4680),(14,12,2,11,4681),(14,11,2,11,4682),(14,10,2,11,4683),(14,9,2,11,4684),(14,8,2,11,4685),(14,7,2,11,4686),(14,6,2,11,4687),(14,5,2,11,4688),(14,4,2,11,4689),(14,3,2,11,4690),(14,2,2,11,4691),(14,1,2,11,4692),(13,27,2,11,4693),(13,26,2,11,4694),(13,25,2,11,4695),(13,24,2,11,4696),(13,23,2,11,4697),(13,22,2,11,4698),(13,21,2,11,4699),(13,20,2,11,4700),(13,19,2,11,4701),(13,18,2,11,4702),(13,17,2,11,4703),(13,16,2,11,4704),(13,15,2,11,4705),(13,14,2,11,4706),(13,13,2,11,4707),(13,12,2,11,4708),(13,11,2,11,4709),(13,10,2,11,4710),(13,9,2,11,4711),(13,8,2,11,4712),(13,7,2,11,4713),(13,6,2,11,4714),(13,5,2,11,4715),(13,4,2,11,4716),(13,3,2,11,4717),(13,2,2,11,4718),(13,1,2,11,4719),(12,27,2,11,4720),(12,26,2,11,4721),(12,25,2,11,4722),(12,24,2,11,4723),(12,23,2,11,4724),(12,22,2,11,4725),(12,21,2,11,4726),(12,20,2,11,4727),(12,19,2,11,4728),(12,18,2,11,4729),(12,17,2,11,4730),(12,16,2,11,4731),(12,15,2,11,4732),(12,14,2,11,4733),(12,13,2,11,4734),(12,12,2,11,4735),(12,11,2,11,4736),(12,10,2,11,4737),(12,9,2,11,4738),(12,8,2,11,4739),(12,7,2,11,4740),(12,6,2,11,4741),(12,5,2,11,4742),(12,4,2,11,4743),(12,3,2,11,4744),(12,2,2,11,4745),(12,1,2,11,4746),(11,27,2,11,4747),(11,26,2,11,4748),(11,25,2,11,4749),(11,24,2,11,4750),(11,23,2,11,4751),(11,22,2,11,4752),(11,21,2,11,4753),(11,20,2,11,4754),(11,19,2,11,4755),(11,18,2,11,4756),(11,17,2,11,4757),(11,16,2,11,4758),(11,15,2,11,4759),(11,14,2,11,4760),(11,13,2,11,4761),(11,12,2,11,4762),(11,11,2,11,4763),(11,10,2,11,4764),(11,9,2,11,4765),(11,8,2,11,4766),(11,7,2,11,4767),(11,6,2,11,4768),(11,5,2,11,4769),(11,4,2,11,4770),(11,3,2,11,4771),(11,2,2,11,4772),(11,1,2,11,4773),(10,27,2,11,4774),(10,26,2,11,4775),(10,25,2,11,4776),(10,24,2,11,4777),(10,23,2,11,4778),(10,22,2,11,4779),(10,21,2,11,4780),(10,20,2,11,4781),(10,19,2,11,4782),(10,18,2,11,4783),(10,17,2,11,4784),(10,16,2,11,4785),(10,15,2,11,4786),(10,14,2,11,4787),(10,13,2,11,4788),(10,12,2,11,4789),(10,11,2,11,4790),(10,10,2,11,4791),(10,9,2,11,4792),(10,8,2,11,4793),(10,7,2,11,4794),(10,6,2,11,4795),(10,5,2,11,4796),(10,4,2,11,4797),(10,3,2,11,4798),(10,2,2,11,4799),(10,1,2,11,4800),(9,27,2,11,4801),(9,26,2,11,4802),(9,25,2,11,4803),(9,24,2,11,4804),(9,23,2,11,4805),(9,22,2,11,4806),(9,21,2,11,4807),(9,20,2,11,4808),(9,19,2,11,4809),(9,18,2,11,4810),(9,17,2,11,4811),(9,16,2,11,4812),(9,15,2,11,4813),(9,14,2,11,4814),(9,13,2,11,4815),(9,12,2,11,4816),(9,11,2,11,4817),(9,10,2,11,4818),(9,9,2,11,4819),(9,8,2,11,4820),(9,7,2,11,4821),(9,6,2,11,4822),(9,5,2,11,4823),(9,4,2,11,4824),(9,3,2,11,4825),(9,2,2,11,4826),(9,1,2,11,4827),(8,27,2,11,4828),(8,26,2,11,4829),(8,25,2,11,4830),(8,24,2,11,4831),(8,23,2,11,4832),(8,22,2,11,4833),(8,21,2,11,4834),(8,20,2,11,4835),(8,19,2,11,4836),(8,18,2,11,4837),(8,17,2,11,4838),(8,16,2,11,4839),(8,15,2,11,4840),(8,14,2,11,4841),(8,13,2,11,4842),(8,12,2,11,4843),(8,11,2,11,4844),(8,10,2,11,4845),(8,9,2,11,4846),(8,8,2,11,4847),(8,7,2,11,4848),(8,6,2,11,4849),(8,5,2,11,4850),(8,4,2,11,4851),(8,3,2,11,4852),(8,2,2,11,4853),(8,1,2,11,4854),(7,27,2,11,4855),(7,26,2,11,4856),(7,25,2,11,4857),(7,24,2,11,4858),(7,23,2,11,4859),(7,22,2,11,4860),(7,21,2,11,4861),(7,20,2,11,4862),(7,19,2,11,4863),(7,18,2,11,4864),(7,17,2,11,4865),(7,16,2,11,4866),(7,15,2,11,4867),(7,14,2,11,4868),(7,13,2,11,4869),(7,12,2,11,4870),(7,11,2,11,4871),(7,10,2,11,4872),(7,9,2,11,4873),(7,8,2,11,4874),(7,7,2,11,4875),(7,6,2,11,4876),(7,5,2,11,4877),(7,4,2,11,4878),(7,3,2,11,4879),(7,2,2,11,4880),(7,1,2,11,4881),(6,27,2,11,4882),(6,26,2,11,4883),(6,25,2,11,4884),(6,24,2,11,4885),(6,23,2,11,4886),(6,22,2,11,4887),(6,21,2,11,4888),(6,20,2,11,4889),(6,19,2,11,4890),(6,18,2,11,4891),(6,17,2,11,4892),(6,16,2,11,4893),(6,15,2,11,4894),(6,14,2,11,4895),(6,13,2,11,4896),(6,12,2,11,4897),(6,11,2,11,4898),(6,10,2,11,4899),(6,9,2,11,4900),(6,8,2,11,4901),(6,7,2,11,4902),(6,6,2,11,4903),(6,5,2,11,4904),(6,4,2,11,4905),(6,3,2,11,4906),(6,2,2,11,4907),(6,1,2,11,4908),(5,27,2,11,4909),(5,26,2,11,4910),(5,25,2,11,4911),(5,24,2,11,4912),(5,23,2,11,4913),(5,22,2,11,4914),(5,21,2,11,4915),(5,20,2,11,4916),(5,19,2,11,4917),(5,18,2,11,4918),(5,17,2,11,4919),(5,16,2,11,4920),(5,15,2,11,4921),(5,14,2,11,4922),(5,13,2,11,4923),(5,12,2,11,4924),(5,11,2,11,4925),(5,10,2,11,4926),(5,9,2,11,4927),(5,8,2,11,4928),(5,7,2,11,4929),(5,6,2,11,4930),(5,5,2,11,4931),(5,4,2,11,4932),(5,3,2,11,4933),(5,2,2,11,4934),(5,1,2,11,4935),(4,27,2,11,4936),(4,26,2,11,4937),(4,25,2,11,4938),(4,24,2,11,4939),(4,23,2,11,4940),(4,22,2,11,4941),(4,21,2,11,4942),(4,20,2,11,4943),(4,19,2,11,4944),(4,18,2,11,4945),(4,17,2,11,4946),(4,16,2,11,4947),(4,15,2,11,4948),(4,14,2,11,4949),(4,13,2,11,4950),(4,12,2,11,4951),(4,11,2,11,4952),(4,10,2,11,4953),(4,9,2,11,4954),(4,8,2,11,4955),(4,7,2,11,4956),(4,6,2,11,4957),(4,5,2,11,4958),(4,4,2,11,4959),(4,3,2,11,4960),(4,2,2,11,4961),(4,1,2,11,4962),(3,27,2,11,4963),(3,26,2,11,4964),(3,25,2,11,4965),(3,24,2,11,4966),(3,23,2,11,4967),(3,22,2,11,4968),(3,21,2,11,4969),(3,20,2,11,4970),(3,19,2,11,4971),(3,18,2,11,4972),(3,17,2,11,4973),(3,16,2,11,4974),(3,15,2,11,4975),(3,14,2,11,4976),(3,13,2,11,4977),(3,12,2,11,4978),(3,11,2,11,4979),(3,10,2,11,4980),(3,9,2,11,4981),(3,8,2,11,4982),(3,7,2,11,4983),(3,6,2,11,4984),(3,5,2,11,4985),(3,4,2,11,4986),(3,3,2,11,4987),(3,2,2,11,4988),(3,1,2,11,4989),(2,27,2,11,4990),(2,26,2,11,4991),(2,25,2,11,4992),(2,24,2,11,4993),(2,23,2,11,4994),(2,22,2,11,4995),(2,21,2,11,4996),(2,20,2,11,4997),(2,19,2,11,4998),(2,18,2,11,4999),(2,17,2,11,5000),(2,16,2,11,5001),(2,15,2,11,5002),(2,14,2,11,5003),(2,13,2,11,5004),(2,12,2,11,5005),(2,11,2,11,5006),(2,10,2,11,5007),(2,9,2,11,5008),(2,8,2,11,5009),(2,7,2,11,5010),(2,6,2,11,5011),(2,5,2,11,5012),(2,4,2,11,5013),(2,3,2,11,5014),(2,2,2,11,5015),(2,1,2,11,5016),(1,27,2,11,5017),(1,26,2,11,5018),(1,25,2,11,5019),(1,24,2,11,5020),(1,23,2,11,5021),(1,22,2,11,5022),(1,21,2,11,5023),(1,20,2,11,5024),(1,19,2,11,5025),(1,18,2,11,5026),(1,17,2,11,5027),(1,16,2,11,5028),(1,15,2,11,5029),(1,14,2,11,5030),(1,13,2,11,5031),(1,12,2,11,5032),(1,11,2,11,5033),(1,10,2,11,5034),(1,9,2,11,5035),(1,8,2,11,5036),(1,7,2,11,5037),(1,6,2,11,5038),(1,5,2,11,5039),(1,4,2,11,5040),(1,3,2,11,5041),(1,2,2,11,5042),(1,1,2,11,5043),(12,20,1,13,5044),(12,19,1,13,5045),(12,18,1,13,5046),(12,17,1,13,5047),(12,16,1,13,5048),(12,15,1,13,5049),(12,14,1,13,5050),(12,13,1,13,5051),(12,12,1,13,5052),(12,11,1,13,5053),(12,10,1,13,5054),(12,9,1,13,5055),(12,8,1,13,5056),(12,7,1,13,5057),(12,6,1,13,5058),(12,5,1,13,5059),(12,4,1,13,5060),(12,3,1,13,5061),(12,2,1,13,5062),(12,1,1,13,5063),(11,20,1,13,5064),(11,19,1,13,5065),(11,18,1,13,5066),(11,17,1,13,5067),(11,16,1,13,5068),(11,15,1,13,5069),(11,14,1,13,5070),(11,13,1,13,5071),(11,12,1,13,5072),(11,11,1,13,5073),(11,10,1,13,5074),(11,9,1,13,5075),(11,8,1,13,5076),(11,7,1,13,5077),(11,6,1,13,5078),(11,5,1,13,5079),(11,4,1,13,5080),(11,3,1,13,5081),(11,2,1,13,5082),(11,1,1,13,5083),(10,20,1,13,5084),(10,19,1,13,5085),(10,18,1,13,5086),(10,17,1,13,5087),(10,16,1,13,5088),(10,15,1,13,5089),(10,14,1,13,5090),(10,13,1,13,5091),(10,12,1,13,5092),(10,11,1,13,5093),(10,10,1,13,5094),(10,9,1,13,5095),(10,8,1,13,5096),(10,7,1,13,5097),(10,6,1,13,5098),(10,5,1,13,5099),(10,4,1,13,5100),(10,3,1,13,5101),(10,2,1,13,5102),(10,1,1,13,5103),(9,20,1,13,5104),(9,19,1,13,5105),(9,18,1,13,5106),(9,17,1,13,5107),(9,16,1,13,5108),(9,15,1,13,5109),(9,14,1,13,5110),(9,13,1,13,5111),(9,12,1,13,5112),(9,11,1,13,5113),(9,10,1,13,5114),(9,9,1,13,5115),(9,8,1,13,5116),(9,7,1,13,5117),(9,6,1,13,5118),(9,5,1,13,5119),(9,4,1,13,5120),(9,3,1,13,5121),(9,2,1,13,5122),(9,1,1,13,5123),(8,20,1,13,5124),(8,19,1,13,5125),(8,18,1,13,5126),(8,17,1,13,5127),(8,16,1,13,5128),(8,15,1,13,5129),(8,14,1,13,5130),(8,13,1,13,5131),(8,12,1,13,5132),(8,11,1,13,5133),(8,10,1,13,5134),(8,9,1,13,5135),(8,8,1,13,5136),(8,7,1,13,5137),(8,6,1,13,5138),(8,5,1,13,5139),(8,4,1,13,5140),(8,3,1,13,5141),(8,2,1,13,5142),(8,1,1,13,5143),(7,20,1,13,5144),(7,19,1,13,5145),(7,18,1,13,5146),(7,17,1,13,5147),(7,16,1,13,5148),(7,15,1,13,5149),(7,14,1,13,5150),(7,13,1,13,5151),(7,12,1,13,5152),(7,11,1,13,5153),(7,10,1,13,5154),(7,9,1,13,5155),(7,8,1,13,5156),(7,7,1,13,5157),(7,6,1,13,5158),(7,5,1,13,5159),(7,4,1,13,5160),(7,3,1,13,5161),(7,2,1,13,5162),(7,1,1,13,5163),(6,20,1,13,5164),(6,19,1,13,5165),(6,18,1,13,5166),(6,17,1,13,5167),(6,16,1,13,5168),(6,15,1,13,5169),(6,14,1,13,5170),(6,13,1,13,5171),(6,12,1,13,5172),(6,11,1,13,5173),(6,10,1,13,5174),(6,9,1,13,5175),(6,8,1,13,5176),(6,7,1,13,5177),(6,6,1,13,5178),(6,5,1,13,5179),(6,4,1,13,5180),(6,3,1,13,5181),(6,2,1,13,5182),(6,1,1,13,5183),(5,20,1,13,5184),(5,19,1,13,5185),(5,18,1,13,5186),(5,17,1,13,5187),(5,16,1,13,5188),(5,15,1,13,5189),(5,14,1,13,5190),(5,13,1,13,5191),(5,12,1,13,5192),(5,11,1,13,5193),(5,10,1,13,5194),(5,9,1,13,5195),(5,8,1,13,5196),(5,7,1,13,5197),(5,6,1,13,5198),(5,5,1,13,5199),(5,4,1,13,5200),(5,3,1,13,5201),(5,2,1,13,5202),(5,1,1,13,5203),(4,20,1,13,5204),(4,19,1,13,5205),(4,18,1,13,5206),(4,17,1,13,5207),(4,16,1,13,5208),(4,15,1,13,5209),(4,14,1,13,5210),(4,13,1,13,5211),(4,12,1,13,5212),(4,11,1,13,5213),(4,10,1,13,5214),(4,9,1,13,5215),(4,8,1,13,5216),(4,7,1,13,5217),(4,6,1,13,5218),(4,5,1,13,5219),(4,4,1,13,5220),(4,3,1,13,5221),(4,2,1,13,5222),(4,1,1,13,5223),(3,20,1,13,5224),(3,19,1,13,5225),(3,18,1,13,5226),(3,17,1,13,5227),(3,16,1,13,5228),(3,15,1,13,5229),(3,14,1,13,5230),(3,13,1,13,5231),(3,12,1,13,5232),(3,11,1,13,5233),(3,10,1,13,5234),(3,9,1,13,5235),(3,8,1,13,5236),(3,7,1,13,5237),(3,6,1,13,5238),(3,5,1,13,5239),(3,4,1,13,5240),(3,3,1,13,5241),(3,2,1,13,5242),(3,1,1,13,5243),(2,20,1,13,5244),(2,19,1,13,5245),(2,18,1,13,5246),(2,17,1,13,5247),(2,16,1,13,5248),(2,15,1,13,5249),(2,14,1,13,5250),(2,13,1,13,5251),(2,12,1,13,5252),(2,11,1,13,5253),(2,10,1,13,5254),(2,9,1,13,5255),(2,8,1,13,5256),(2,7,1,13,5257),(2,6,1,13,5258),(2,5,1,13,5259),(2,4,1,13,5260),(2,3,1,13,5261),(2,2,1,13,5262),(2,1,1,13,5263),(1,20,1,13,5264),(1,19,1,13,5265),(1,18,1,13,5266),(1,17,1,13,5267),(1,16,1,13,5268),(1,15,1,13,5269),(1,14,1,13,5270),(1,13,1,13,5271),(1,12,1,13,5272),(1,11,1,13,5273),(1,10,1,13,5274),(1,9,1,13,5275),(1,8,1,13,5276),(1,7,1,13,5277),(1,6,1,13,5278),(1,5,1,13,5279),(1,4,1,13,5280),(1,3,1,13,5281),(1,2,1,13,5282),(1,1,1,13,5283);
/*!40000 ALTER TABLE `seat` ENABLE KEYS */;
UNLOCK TABLES;

--
-- Table structure for table `ticket`
--

DROP TABLE IF EXISTS `ticket`;
/*!40101 SET @saved_cs_client     = @@character_set_client */;
/*!50503 SET character_set_client = utf8mb4 */;
CREATE TABLE `ticket` (
  `id_client` int unsigned NOT NULL,
  `id_ishow` int unsigned NOT NULL,
  `discount` tinyint(1) NOT NULL,
  `id_seat` int unsigned NOT NULL,
  PRIMARY KEY (`id_client`,`id_ishow`,`id_seat`),
  KEY `id_ishow_idx` (`id_ishow`),
  KEY `id_client_idx` (`id_client`),
  KEY `id_seat_idx` (`id_seat`),
  CONSTRAINT `fk_ticket_seat1` FOREIGN KEY (`id_seat`) REFERENCES `seat` (`id_seat`),
  CONSTRAINT `ticket_ibfk_1` FOREIGN KEY (`id_client`) REFERENCES `client` (`id_client`),
  CONSTRAINT `ticket_ibfk_2` FOREIGN KEY (`id_ishow`) REFERENCES `i_show` (`id_ishow`)
) ENGINE=InnoDB DEFAULT CHARSET=utf8mb4 COLLATE=utf8mb4_0900_ai_ci;
/*!40101 SET character_set_client = @saved_cs_client */;

--
-- Dumping data for table `ticket`
--

LOCK TABLES `ticket` WRITE;
/*!40000 ALTER TABLE `ticket` DISABLE KEYS */;
INSERT INTO `ticket` VALUES (28,6,1,1326),(28,18,1,3526),(28,18,0,3528),(28,21,0,4592),(29,9,0,2064),(29,15,1,3327),(30,9,1,2095),(30,19,1,4149),(31,11,0,2432),(31,21,1,4585),(31,24,1,600);
/*!40000 ALTER TABLE `ticket` ENABLE KEYS */;
UNLOCK TABLES;

--
-- Dumping routines for database 'cinema'
--
/*!50003 DROP FUNCTION IF EXISTS `isReserved` */;
/*!50003 SET @saved_cs_client      = @@character_set_client */ ;
/*!50003 SET @saved_cs_results     = @@character_set_results */ ;
/*!50003 SET @saved_col_connection = @@collation_connection */ ;
/*!50003 SET character_set_client  = utf8mb4 */ ;
/*!50003 SET character_set_results = utf8mb4 */ ;
/*!50003 SET collation_connection  = utf8mb4_0900_ai_ci */ ;
/*!50003 SET @saved_sql_mode       = @@sql_mode */ ;
/*!50003 SET sql_mode              = 'ONLY_FULL_GROUP_BY,STRICT_TRANS_TABLES,NO_ZERO_IN_DATE,NO_ZERO_DATE,ERROR_FOR_DIVISION_BY_ZERO,NO_ENGINE_SUBSTITUTION' */ ;
DELIMITER ;;
CREATE DEFINER=`root`@`localhost` FUNCTION `isReserved`(tytul VARCHAR(30),data_seansu date,godzina INT,minuta INT,rzad INT,miejsce INT) RETURNS tinyint(1)
    DETERMINISTIC
BEGIN
			SET @idiShow = (SELECT id_ishow from i_show natural join movie_show natural join movie where i_show.show_date = data_seansu
																									AND hour(i_show.show_time) = godzina
																									AND minute(i_show.show_time) = minuta
																									AND movie.title = tytul);
			IF(@idiShow is not null) THEN
				SET @seat = (SELECT id_seat from seat where seat.seat_row = rzad and seat.seat_number = miejsce 
																				and room_number = (SELECT i_show.room_number from i_show where i_show.id_ishow = @idiShow)
																				and id_cinema = (SELECT i_show.id_cinema from i_show where i_show.id_ishow = @idiShow));
				IF(@seat is not null AND @seat not in (SELECT id_seat FROM reserved where reserved.id_ishow = @idiShow)) THEN
					RETURN 0;
				ELSE
					RETURN 1;
				END IF;
			END IF;
            RETURN 1;
       END ;;
DELIMITER ;
/*!50003 SET sql_mode              = @saved_sql_mode */ ;
/*!50003 SET character_set_client  = @saved_cs_client */ ;
/*!50003 SET character_set_results = @saved_cs_results */ ;
/*!50003 SET collation_connection  = @saved_col_connection */ ;
/*!50003 DROP PROCEDURE IF EXISTS `addCinema` */;
/*!50003 SET @saved_cs_client      = @@character_set_client */ ;
/*!50003 SET @saved_cs_results     = @@character_set_results */ ;
/*!50003 SET @saved_col_connection = @@collation_connection */ ;
/*!50003 SET character_set_client  = utf8mb4 */ ;
/*!50003 SET character_set_results = utf8mb4 */ ;
/*!50003 SET collation_connection  = utf8mb4_0900_ai_ci */ ;
/*!50003 SET @saved_sql_mode       = @@sql_mode */ ;
/*!50003 SET sql_mode              = 'ONLY_FULL_GROUP_BY,STRICT_TRANS_TABLES,NO_ZERO_IN_DATE,NO_ZERO_DATE,ERROR_FOR_DIVISION_BY_ZERO,NO_ENGINE_SUBSTITUTION' */ ;
DELIMITER ;;
CREATE DEFINER=`root`@`localhost` PROCEDURE `addCinema`(IN city VARCHAR(15), IN street VARCHAR(15))
BEGIN
			set @id_location = (SELECT location.id_location from location where location.city = city AND location.street = street);
            IF (@id_location is not null) THEN
				BEGIN
					IF (@id_location NOT IN (SELECT cinema.id_location from cinema)) THEN
						BEGIN
							INSERT INTO cinema(id_location) values (@id_location);
						END;
					END IF;
				END;
			END IF;
       END ;;
DELIMITER ;
/*!50003 SET sql_mode              = @saved_sql_mode */ ;
/*!50003 SET character_set_client  = @saved_cs_client */ ;
/*!50003 SET character_set_results = @saved_cs_results */ ;
/*!50003 SET collation_connection  = @saved_col_connection */ ;
/*!50003 DROP PROCEDURE IF EXISTS `addClient` */;
/*!50003 SET @saved_cs_client      = @@character_set_client */ ;
/*!50003 SET @saved_cs_results     = @@character_set_results */ ;
/*!50003 SET @saved_col_connection = @@collation_connection */ ;
/*!50003 SET character_set_client  = utf8mb4 */ ;
/*!50003 SET character_set_results = utf8mb4 */ ;
/*!50003 SET collation_connection  = utf8mb4_0900_ai_ci */ ;
/*!50003 SET @saved_sql_mode       = @@sql_mode */ ;
/*!50003 SET sql_mode              = 'ONLY_FULL_GROUP_BY,STRICT_TRANS_TABLES,NO_ZERO_IN_DATE,NO_ZERO_DATE,ERROR_FOR_DIVISION_BY_ZERO,NO_ENGINE_SUBSTITUTION' */ ;
DELIMITER ;;
CREATE DEFINER=`root`@`localhost` PROCEDURE `addClient`(IN name VARCHAR(30), 
							IN surname VARCHAR(30), 
                            IN phone_number VARCHAR(11),
                            IN email varchar(45),
                            IN date_of_birth date,
                            IN password varchar(200)
                            )
BEGIN
			SET @email = (SELECT personal_data.email from personal_data where personal_data.email = email);
            IF (@email is null) THEN
				INSERT into personal_data(name, surname, phone_number, email, date_of_birth, password)
                VALUES (name, surname, phone_number, email, date_of_birth, password);
				INSERT INTO client(email) values (email);
			END IF;
       END ;;
DELIMITER ;
/*!50003 SET sql_mode              = @saved_sql_mode */ ;
/*!50003 SET character_set_client  = @saved_cs_client */ ;
/*!50003 SET character_set_results = @saved_cs_results */ ;
/*!50003 SET collation_connection  = @saved_col_connection */ ;
/*!50003 DROP PROCEDURE IF EXISTS `addEmployee` */;
/*!50003 SET @saved_cs_client      = @@character_set_client */ ;
/*!50003 SET @saved_cs_results     = @@character_set_results */ ;
/*!50003 SET @saved_col_connection = @@collation_connection */ ;
/*!50003 SET character_set_client  = utf8mb4 */ ;
/*!50003 SET character_set_results = utf8mb4 */ ;
/*!50003 SET collation_connection  = utf8mb4_0900_ai_ci */ ;
/*!50003 SET @saved_sql_mode       = @@sql_mode */ ;
/*!50003 SET sql_mode              = 'ONLY_FULL_GROUP_BY,STRICT_TRANS_TABLES,NO_ZERO_IN_DATE,NO_ZERO_DATE,ERROR_FOR_DIVISION_BY_ZERO,NO_ENGINE_SUBSTITUTION' */ ;
DELIMITER ;;
CREATE DEFINER=`root`@`localhost` PROCEDURE `addEmployee`(
                            IN name VARCHAR(30), 
							IN surname VARCHAR(30), 
                            IN phone_number VARCHAR(11),
                            IN email varchar(45),
                            IN date_of_birth date,
                            IN password varchar(30),
                            IN city varchar(15),
                            IN street VARCHAR(15),
                            IN position VARCHAR(15)
                            )
BEGIN
			SET @id_cinema = (SELECT id_cinema from cinema natural join location where location.city=city AND location.street=street);
            SET @email = (SELECT personal_data.email from personal_data where personal_data.email = email);
            IF(@id_cinema is not null AND @email is null) THEN
				INSERT INTO personal_data(name, surname, phone_number, email, date_of_birth, password) VALUES (name, surname, phone_number, email, date_of_birth, password);
                INSERT INTO employee(id_cinema, email, position) VALUES (@id_cinema, email, position);
            END IF;
       END ;;
DELIMITER ;
/*!50003 SET sql_mode              = @saved_sql_mode */ ;
/*!50003 SET character_set_client  = @saved_cs_client */ ;
/*!50003 SET character_set_results = @saved_cs_results */ ;
/*!50003 SET collation_connection  = @saved_col_connection */ ;
/*!50003 DROP PROCEDURE IF EXISTS `addiShow` */;
/*!50003 SET @saved_cs_client      = @@character_set_client */ ;
/*!50003 SET @saved_cs_results     = @@character_set_results */ ;
/*!50003 SET @saved_col_connection = @@collation_connection */ ;
/*!50003 SET character_set_client  = utf8mb4 */ ;
/*!50003 SET character_set_results = utf8mb4 */ ;
/*!50003 SET collation_connection  = utf8mb4_0900_ai_ci */ ;
/*!50003 SET @saved_sql_mode       = @@sql_mode */ ;
/*!50003 SET sql_mode              = 'STRICT_TRANS_TABLES,NO_ENGINE_SUBSTITUTION' */ ;
DELIMITER ;;
CREATE DEFINER=`root`@`localhost` PROCEDURE `addiShow`(
								IN title VARCHAR(30),
                                IN room_number INT,
                                IN city VARCHAR(15),
                                IN street VARCHAR(15),
                                IN show_date date,
                                IN show_time time,
                                IN price DECIMAL(4,2),
                                IN soundtrack ENUM('NAPISY','DUBBING','LEKTOR_PL')
                            )
BEGIN
			SET @idShow = (SELECT id_show from movie_show natural join movie where movie.title = title and movie_show.soundtrack = soundtrack);
            
            IF (@idShow is not null) THEN
            
				SET @idCinema = (SELECT id_cinema from cinema natural join location where location.city = city and location.street = street);
                
                IF(@idCinema is not null) THEN
                
					SET @room = (SELECT room_number from room where room.id_cinema = @idCinema and room.room_number = room_number);
                    
                    IF(@room is not null) THEN
                    
						INSERT INTO i_show(id_show, room_number, id_cinema, show_date, show_time, price) VALUES (@idShow, @room, @idCinema, show_date, show_time, price);
                    
                    END IF;
                
                END IF;
                
            END IF;
            
       END ;;
DELIMITER ;
/*!50003 SET sql_mode              = @saved_sql_mode */ ;
/*!50003 SET character_set_client  = @saved_cs_client */ ;
/*!50003 SET character_set_results = @saved_cs_results */ ;
/*!50003 SET collation_connection  = @saved_col_connection */ ;
/*!50003 DROP PROCEDURE IF EXISTS `addLocation` */;
/*!50003 SET @saved_cs_client      = @@character_set_client */ ;
/*!50003 SET @saved_cs_results     = @@character_set_results */ ;
/*!50003 SET @saved_col_connection = @@collation_connection */ ;
/*!50003 SET character_set_client  = utf8mb4 */ ;
/*!50003 SET character_set_results = utf8mb4 */ ;
/*!50003 SET collation_connection  = utf8mb4_0900_ai_ci */ ;
/*!50003 SET @saved_sql_mode       = @@sql_mode */ ;
/*!50003 SET sql_mode              = 'ONLY_FULL_GROUP_BY,STRICT_TRANS_TABLES,NO_ZERO_IN_DATE,NO_ZERO_DATE,ERROR_FOR_DIVISION_BY_ZERO,NO_ENGINE_SUBSTITUTION' */ ;
DELIMITER ;;
CREATE DEFINER=`root`@`localhost` PROCEDURE `addLocation`(	IN city VARCHAR(15), 
								IN street VARCHAR(15),
								IN number VARCHAR(5),
								IN zip_code VARCHAR(7)
                            )
BEGIN
			SET @id_location = (SELECT id_location from location where location.city = city and location.street = street);
            IF (@id_location is null) THEN
				BEGIN
					INSERT INTO location(city, street, number, zip_code)
						VALUES (city, street, number, zip_code);
				END;
			END IF;
       END ;;
DELIMITER ;
/*!50003 SET sql_mode              = @saved_sql_mode */ ;
/*!50003 SET character_set_client  = @saved_cs_client */ ;
/*!50003 SET character_set_results = @saved_cs_results */ ;
/*!50003 SET collation_connection  = @saved_col_connection */ ;
/*!50003 DROP PROCEDURE IF EXISTS `addManager` */;
/*!50003 SET @saved_cs_client      = @@character_set_client */ ;
/*!50003 SET @saved_cs_results     = @@character_set_results */ ;
/*!50003 SET @saved_col_connection = @@collation_connection */ ;
/*!50003 SET character_set_client  = utf8mb4 */ ;
/*!50003 SET character_set_results = utf8mb4 */ ;
/*!50003 SET collation_connection  = utf8mb4_0900_ai_ci */ ;
/*!50003 SET @saved_sql_mode       = @@sql_mode */ ;
/*!50003 SET sql_mode              = 'ONLY_FULL_GROUP_BY,STRICT_TRANS_TABLES,NO_ZERO_IN_DATE,NO_ZERO_DATE,ERROR_FOR_DIVISION_BY_ZERO,NO_ENGINE_SUBSTITUTION' */ ;
DELIMITER ;;
CREATE DEFINER=`root`@`localhost` PROCEDURE `addManager`(
								IN email_employee varchar(45),
                                IN email_manager varchar(45)
                            )
BEGIN
			SET @email_p = (SELECT personal_data.email from personal_data where personal_data.email = email_employee);
            SET @email_m = (SELECT personal_data.email from personal_data where personal_data.email = email_manager);
            IF(@email_p is not null and @email_m is not null) THEN
				SET @id_m = (SELECT e.id_employee from employee e where e.email = email_manager);
				UPDATE employee
				SET id_manager = @id_m
                WHERE email = email_employee;
                
                UPDATE employee
				SET position = 'MANAGER'
                WHERE email = email_manager;
			END IF;
       END ;;
DELIMITER ;
/*!50003 SET sql_mode              = @saved_sql_mode */ ;
/*!50003 SET character_set_client  = @saved_cs_client */ ;
/*!50003 SET character_set_results = @saved_cs_results */ ;
/*!50003 SET collation_connection  = @saved_col_connection */ ;
/*!50003 DROP PROCEDURE IF EXISTS `addMovie` */;
/*!50003 SET @saved_cs_client      = @@character_set_client */ ;
/*!50003 SET @saved_cs_results     = @@character_set_results */ ;
/*!50003 SET @saved_col_connection = @@collation_connection */ ;
/*!50003 SET character_set_client  = utf8mb4 */ ;
/*!50003 SET character_set_results = utf8mb4 */ ;
/*!50003 SET collation_connection  = utf8mb4_0900_ai_ci */ ;
/*!50003 SET @saved_sql_mode       = @@sql_mode */ ;
/*!50003 SET sql_mode              = 'ONLY_FULL_GROUP_BY,STRICT_TRANS_TABLES,NO_ZERO_IN_DATE,NO_ZERO_DATE,ERROR_FOR_DIVISION_BY_ZERO,NO_ENGINE_SUBSTITUTION' */ ;
DELIMITER ;;
CREATE DEFINER=`root`@`localhost` PROCEDURE `addMovie`(	IN title VARCHAR(30), 
							IN movie_description TEXT,
                            IN movie_category ENUM('AKCJA','DOKUMENT','PRZYGODA','HORROR','KOMEDIA','KRYMINAŁ','DRAMAT','SCIENCE-FICTION','NO-CATEGORY'),
                            IN age_category INT,
                            IN length INT
                            )
BEGIN
            IF (title not in (select movie.title from movie)) THEN
				BEGIN
					INSERT INTO movie(title, movie_description, movie_category, age_category, length)
						VALUES (title, movie_description, movie_category,age_category,length);
				END;
			END IF;
       END ;;
DELIMITER ;
/*!50003 SET sql_mode              = @saved_sql_mode */ ;
/*!50003 SET character_set_client  = @saved_cs_client */ ;
/*!50003 SET character_set_results = @saved_cs_results */ ;
/*!50003 SET collation_connection  = @saved_col_connection */ ;
/*!50003 DROP PROCEDURE IF EXISTS `addMovieShow` */;
/*!50003 SET @saved_cs_client      = @@character_set_client */ ;
/*!50003 SET @saved_cs_results     = @@character_set_results */ ;
/*!50003 SET @saved_col_connection = @@collation_connection */ ;
/*!50003 SET character_set_client  = utf8mb4 */ ;
/*!50003 SET character_set_results = utf8mb4 */ ;
/*!50003 SET collation_connection  = utf8mb4_0900_ai_ci */ ;
/*!50003 SET @saved_sql_mode       = @@sql_mode */ ;
/*!50003 SET sql_mode              = 'ONLY_FULL_GROUP_BY,STRICT_TRANS_TABLES,NO_ZERO_IN_DATE,NO_ZERO_DATE,ERROR_FOR_DIVISION_BY_ZERO,NO_ENGINE_SUBSTITUTION' */ ;
DELIMITER ;;
CREATE DEFINER=`root`@`localhost` PROCEDURE `addMovieShow`(	IN title VARCHAR(30), 
								IN soundtrack ENUM('NAPISY','DUBBING','LEKTOR_PL')
                            )
BEGIN
			SET @id = (SELECT id_movie from movie where movie.title = title);
            IF (@id is not null 
				AND @id not in (SELECT id_movie from movie_show where movie_show.soundtrack = soundtrack)) THEN
				BEGIN
					INSERT INTO movie_show(id_movie, soundtrack)
						VALUES (@id, soundtrack);
				END;
			END IF;
       END ;;
DELIMITER ;
/*!50003 SET sql_mode              = @saved_sql_mode */ ;
/*!50003 SET character_set_client  = @saved_cs_client */ ;
/*!50003 SET character_set_results = @saved_cs_results */ ;
/*!50003 SET collation_connection  = @saved_col_connection */ ;
/*!50003 DROP PROCEDURE IF EXISTS `addRoom` */;
/*!50003 SET @saved_cs_client      = @@character_set_client */ ;
/*!50003 SET @saved_cs_results     = @@character_set_results */ ;
/*!50003 SET @saved_col_connection = @@collation_connection */ ;
/*!50003 SET character_set_client  = utf8mb4 */ ;
/*!50003 SET character_set_results = utf8mb4 */ ;
/*!50003 SET collation_connection  = utf8mb4_0900_ai_ci */ ;
/*!50003 SET @saved_sql_mode       = @@sql_mode */ ;
/*!50003 SET sql_mode              = 'ONLY_FULL_GROUP_BY,STRICT_TRANS_TABLES,NO_ZERO_IN_DATE,NO_ZERO_DATE,ERROR_FOR_DIVISION_BY_ZERO,NO_ENGINE_SUBSTITUTION' */ ;
DELIMITER ;;
CREATE DEFINER=`root`@`localhost` PROCEDURE `addRoom`(	IN city VARCHAR(15), IN street VARCHAR(15), IN seat_count INT, IN row_count INT)
BEGIN
			SET @id_cinema = (SELECT cinema.id_cinema from cinema natural join location where location.city = city and location.street = street);
            IF (@id_cinema is not null 
				AND seat_count > 10
                AND seat_count % row_count = 0) THEN
					SET @id_room = (SELECT max(room_number) from room where room.id_cinema = @id_cinema);
                    IF (@id_room is null) THEN 
							SET @id_room = 1; 
						ELSE 
							SET @id_room = @id_room + 1; 
                    END IF;
                    INSERT INTO room(room_number, id_cinema, seat_count, row_count) VALUES (@id_room, @id_cinema, seat_count, row_count);
                    
                    SET @row_num = row_count;
                    SET @seat_num = seat_count / row_count;
                    
                    rows_loop: LOOP
						IF (@row_num > 0) THEN
							seats: LOOP
								IF(@seat_num > 0) THEN
									INSERT INTO seat(seat_row, seat_number, room_number, id_cinema) VALUES (@row_num, @seat_num, @id_room, @id_cinema);
                                    SET @seat_num = @seat_num - 1;
                                    ITERATE seats;
                                END IF;
                                LEAVE seats;
							END LOOP seats;
                                
							SET @row_num = @row_num - 1;
                            SET @seat_num = seat_count / row_count;
							ITERATE rows_loop;
                        END IF;
                        LEAVE rows_loop;
					END LOOP rows_loop;
                    
			END IF;
       END ;;
DELIMITER ;
/*!50003 SET sql_mode              = @saved_sql_mode */ ;
/*!50003 SET character_set_client  = @saved_cs_client */ ;
/*!50003 SET character_set_results = @saved_cs_results */ ;
/*!50003 SET collation_connection  = @saved_col_connection */ ;
/*!50003 DROP PROCEDURE IF EXISTS `deleteClient` */;
/*!50003 SET @saved_cs_client      = @@character_set_client */ ;
/*!50003 SET @saved_cs_results     = @@character_set_results */ ;
/*!50003 SET @saved_col_connection = @@collation_connection */ ;
/*!50003 SET character_set_client  = utf8mb4 */ ;
/*!50003 SET character_set_results = utf8mb4 */ ;
/*!50003 SET collation_connection  = utf8mb4_0900_ai_ci */ ;
/*!50003 SET @saved_sql_mode       = @@sql_mode */ ;
/*!50003 SET sql_mode              = 'ONLY_FULL_GROUP_BY,STRICT_TRANS_TABLES,NO_ZERO_IN_DATE,NO_ZERO_DATE,ERROR_FOR_DIVISION_BY_ZERO,NO_ENGINE_SUBSTITUTION' */ ;
DELIMITER ;;
CREATE DEFINER=`root`@`localhost` PROCEDURE `deleteClient`(
                            IN email varchar(45)
                            )
BEGIN
			set @id_client = (SELECT client.id_client from client where client.email = email);
            DELETE FROM ticket WHERE ticket.id_client = @id_client;
			DELETE FROM client where client.email = email;
            DELETE FROM personal_data where personal_data.email = email;
       END ;;
DELIMITER ;
/*!50003 SET sql_mode              = @saved_sql_mode */ ;
/*!50003 SET character_set_client  = @saved_cs_client */ ;
/*!50003 SET character_set_results = @saved_cs_results */ ;
/*!50003 SET collation_connection  = @saved_col_connection */ ;
/*!50003 DROP PROCEDURE IF EXISTS `deleteEmployee` */;
/*!50003 SET @saved_cs_client      = @@character_set_client */ ;
/*!50003 SET @saved_cs_results     = @@character_set_results */ ;
/*!50003 SET @saved_col_connection = @@collation_connection */ ;
/*!50003 SET character_set_client  = utf8mb4 */ ;
/*!50003 SET character_set_results = utf8mb4 */ ;
/*!50003 SET collation_connection  = utf8mb4_0900_ai_ci */ ;
/*!50003 SET @saved_sql_mode       = @@sql_mode */ ;
/*!50003 SET sql_mode              = 'ONLY_FULL_GROUP_BY,STRICT_TRANS_TABLES,NO_ZERO_IN_DATE,NO_ZERO_DATE,ERROR_FOR_DIVISION_BY_ZERO,NO_ENGINE_SUBSTITUTION' */ ;
DELIMITER ;;
CREATE DEFINER=`root`@`localhost` PROCEDURE `deleteEmployee`(
                            IN email varchar(45)
                            )
BEGIN
			DELETE FROM employee where employee.email = email;
            DELETE FROM personal_data where personal_data.email = email;
       END ;;
DELIMITER ;
/*!50003 SET sql_mode              = @saved_sql_mode */ ;
/*!50003 SET character_set_client  = @saved_cs_client */ ;
/*!50003 SET character_set_results = @saved_cs_results */ ;
/*!50003 SET collation_connection  = @saved_col_connection */ ;
/*!50003 DROP PROCEDURE IF EXISTS `reserveTicket` */;
/*!50003 SET @saved_cs_client      = @@character_set_client */ ;
/*!50003 SET @saved_cs_results     = @@character_set_results */ ;
/*!50003 SET @saved_col_connection = @@collation_connection */ ;
/*!50003 SET character_set_client  = utf8mb4 */ ;
/*!50003 SET character_set_results = utf8mb4 */ ;
/*!50003 SET collation_connection  = utf8mb4_0900_ai_ci */ ;
/*!50003 SET @saved_sql_mode       = @@sql_mode */ ;
/*!50003 SET sql_mode              = 'ONLY_FULL_GROUP_BY,STRICT_TRANS_TABLES,NO_ZERO_IN_DATE,NO_ZERO_DATE,ERROR_FOR_DIVISION_BY_ZERO,NO_ENGINE_SUBSTITUTION' */ ;
DELIMITER ;;
CREATE DEFINER=`root`@`localhost` PROCEDURE `reserveTicket`(
								IN email VARCHAR(45),
                                IN tytul VARCHAR(30),
                                IN data_seansu date,
                                IN godzina INT,
                                IN minuta INT,
                                IN rzad INT,
                                IN miejsce INT,
                                IN znizka TINYINT(1)
                            )
BEGIN
			SET @idKlienta = (SELECT id_client FROM client where client.email = email);
            
            IF (@idKlienta is not null) THEN
            
				SET @idiShow = (SELECT id_ishow from i_show natural join movie_show natural join movie where 	i_show.show_date = data_seansu
																										AND hour(i_show.show_time) = godzina
                                                                                                        AND minute(i_show.show_time) = minuta
																										AND movie.title = tytul);
                
                IF(@idiShow is not null) THEN
                
					SET @seat = (SELECT id_seat from seat where seat.seat_row = rzad and seat.seat_number = miejsce 
																					and room_number = (SELECT i_show.room_number from i_show where i_show.id_ishow = @idiShow)
                                                                                    and id_cinema = (SELECT i_show.id_cinema from i_show where i_show.id_ishow = @idiShow));
                    
                    IF(@seat is not null 
						AND @seat not in (SELECT id_seat FROM reserved where reserved.id_ishow = @idiShow)) THEN
                    
						INSERT INTO reserved(id_seat, id_ishow) VALUES (@seat, @idiShow);
                        INSERT INTO ticket(id_client, id_ishow, discount, id_seat) VALUES (@idKlienta, @idiShow, znizka, @seat);
                    
                    END IF;
                
                END IF;
                
            END IF;
            
       END ;;
DELIMITER ;
/*!50003 SET sql_mode              = @saved_sql_mode */ ;
/*!50003 SET character_set_client  = @saved_cs_client */ ;
/*!50003 SET character_set_results = @saved_cs_results */ ;
/*!50003 SET collation_connection  = @saved_col_connection */ ;
/*!40103 SET TIME_ZONE=@OLD_TIME_ZONE */;

/*!40101 SET SQL_MODE=@OLD_SQL_MODE */;
/*!40014 SET FOREIGN_KEY_CHECKS=@OLD_FOREIGN_KEY_CHECKS */;
/*!40014 SET UNIQUE_CHECKS=@OLD_UNIQUE_CHECKS */;
/*!40101 SET CHARACTER_SET_CLIENT=@OLD_CHARACTER_SET_CLIENT */;
/*!40101 SET CHARACTER_SET_RESULTS=@OLD_CHARACTER_SET_RESULTS */;
/*!40101 SET COLLATION_CONNECTION=@OLD_COLLATION_CONNECTION */;
/*!40111 SET SQL_NOTES=@OLD_SQL_NOTES */;

-- Dump completed on 2023-01-10 22:44:29
